from_node,to_node,length_m,free_flow_speed_kmh,lanes,capacity,road_name,district,oneway,lanes_imputed,speed_imputed,road_name_missing,district_matched_by
263151909,2181538093,187.737,50.00000000000001,1,1360,大雅聯絡道,西屯區,yes,True,True,False,contains
263151909,5412034766,82.32000000000001,50.0,1,1360,中清路二段,西屯區,yes,True,True,False,contains
263152100,768592719,14.55,49.99999999999999,1,1360,健行路,北區,no,True,True,False,contains
263152100,2285774550,109.596,50.0,2,2719,中清路一段,北區,yes,False,True,False,contains
263152100,2285774576,213.271,50.0,1,1360,健行路,北區,no,True,True,False,contains
263152321,2217884312,192.008,49.99999999999999,1,1360,力行路,東區,no,True,True,False,contains
263152321,2921806847,518.51,50.0,1,1360,進德北路,東區,no,True,True,False,contains
263152321,2957200727,382.899,50.0,1,1360,力行路,北區,no,True,True,False,contains
263152592,2286334524,9.918,50.0,5,6799,林森路,西區,no,False,False,False,contains
263152592,13190493452,142.41400000000002,50.00000000000001,2,2719,五權路,西區,yes,False,True,False,contains
263152657,297717106,12.239,50.0,4,5439,英才路,西區,no,False,False,False,contains
263152657,343353882,9.599,50.0,4,5439,英才路,西區,no,False,False,False,contains
263152657,13021803226,390.797,49.99999999999999,1,1360,臺灣大道二段,西區,yes,True,True,False,contains
263152663,1019448875,9.885,50.0,1,1360,惠中路,西屯區,no,True,True,False,contains
263152663,1234819198,17.941,50.0,1,1360,惠中路,西屯區,no,True,True,False,contains
263152663,1263333967,373.006,60.0,3,4079,臺灣大道三段,西屯區,yes,False,False,False,contains
263182355,1263334016,23.144,50.0,1,1360,大業路,南屯區,no,True,True,False,contains
263182355,2655942484,85.968,60.0,3,4079,文心路一段,南屯區,yes,False,False,False,contains
263182355,2655942486,135.309,50.0,1,1360,大業路,南屯區,no,True,True,False,contains
277967313,2155791895,205.06500000000003,50.00000000000001,3,4079,松竹路一段,北屯區,yes,False,False,False,contains
277967313,2273306394,13.738,50.0,1,1360,軍功路二段,北屯區,no,True,True,False,contains
277967555,2273306340,10.02,50.0,1,1360,崇德路三段,北屯區,yes,True,True,False,contains
277967555,2273306352,101.108,50.0,2,2719,松竹路二段,北屯區,yes,False,False,False,contains
277967597,1634084657,637.005,50.0,1,1360,后庄北路,北屯區,no,True,True,False,contains
277967597,2383675937,10.329,50.0,1,1360,后庄路,北屯區,no,True,True,False,contains
277967597,4973988385,177.84199999999998,49.99999999999999,2,2719,松竹路三段,北屯區,yes,False,False,False,contains
297716895,2222522430,10.035,50.0,1,1360,臺灣大道一段,西區,no,True,False,False,contains
297716895,2222553768,104.239,49.99999999999999,3,4079,臺灣大道二段,西區,yes,False,False,False,contains
297716895,2320046532,115.839,50.0,2,2719,五權路,西區,yes,False,True,False,contains
297717027,3001732569,111.952,49.99999999999999,2,2719,五權路,西區,yes,False,True,False,contains
297717106,263152657,12.239,50.0,4,5439,英才路,西區,no,False,False,False,contains
297717106,2222553805,9.79,50.0,4,5439,英才路,西區,no,False,False,False,contains
297717106,2222553813,151.725,50.0,1,1360,臺灣大道二段,西區,yes,True,True,False,contains
343353860,1215998836,12.263,50.0,1,1360,忠太西路,北區,yes,True,True,False,contains
343353860,2641897076,189.476,60.0,2,2719,忠明路,北區,yes,False,False,False,contains
343353868,343353860,189.73699999999997,49.99999999999999,1,1360,忠太西路,北區,yes,True,True,False,contains
343353868,2319977808,23.577,50.0,1,1360,忠明七街,北區,no,True,True,False,contains
343353882,263152657,9.599,50.0,4,5439,英才路,西區,no,False,False,False,contains
343353882,2286334586,59.507,50.0,4,5439,英才路,西區,no,False,False,False,contains
369669481,2273306356,138.901,50.0,2,2719,松竹路二段,北屯區,yes,False,False,False,contains
369669481,2440630866,10.655,50.0,1,1360,昌平路二段,北屯區,no,True,True,False,contains
369670890,277967313,174.098,50.00000000000001,2,2719,松竹路一段,北屯區,yes,False,False,False,contains
369670890,2273306426,13.623,50.0,1,1360,松竹二路,北屯區,no,True,True,False,contains
378722823,2569917284,12.09,50.0,4,5439,河南路二段,西屯區,yes,False,True,False,contains
378725851,1264707084,126.926,50.0,1,1360,西屯路二段,西屯區,no,True,True,False,contains
378731550,2273314773,200.26300000000003,50.00000000000001,1,1360,崇德路一段,北區,yes,True,True,False,contains
378731550,2273314779,10.217,50.0,1,1360,美德街,北區,no,True,True,False,contains
380037311,2319986975,107.54,50.0,1,1360,西屯路一段,西區,no,True,True,False,contains
380037311,2320046553,10.336,50.0,2,2719,成功路,西區,yes,False,True,False,contains
380037311,2924917820,28.0,49.99999999999999,2,2719,五權路,西區,yes,False,True,False,contains
380038134,704461094,461.76399999999995,50.0,4,5439,向上路一段,西區,no,False,True,False,contains
380038134,3001732569,192.492,50.00000000000001,4,5439,民權路,西區,no,False,False,False,contains
380038134,5521014889,319.21,50.0,4,5439,民權路,西區,no,False,False,False,contains
380039432,791389958,135.543,60.0,1,1360,忠明路,西區,yes,True,False,False,contains
380039432,2285844923,8.483,50.0,1,1360,忠義街,西區,no,True,True,False,contains
387741226,387741398,92.117,60.0,3,4079,文心路三段,西屯區,yes,False,False,False,contains
387741226,1264707114,23.033,50.0,1,1360,青海路一段,西屯區,no,True,True,False,contains
387741398,1264707084,18.06,50.0,1,1360,西屯路二段,西屯區,no,True,True,False,contains
387741398,2403314470,216.588,59.99999999999999,3,4079,文心路三段,西屯區,yes,False,False,False,contains
387741401,1264707103,26.74,50.0,1,1360,河南路一段,西屯區,no,True,True,False,contains
387741401,2409695100,319.145,49.99999999999999,3,4079,文心路三段,西屯區,yes,False,True,False,contains
387741404,768592707,11.471,50.0,3,4079,文心路三段,北區,yes,False,True,False,contains
389520598,5411985851,98.185,49.99999999999999,1,1360,中清路二段,西屯區,yes,True,True,False,contains
410063352,1210455303,12.626,60.0,3,4079,文心路二段,西屯區,yes,False,False,False,contains
410063352,2222553894,16.953,50.0,1,1360,臺灣大道二段,西屯區,yes,True,True,False,contains
413411792,413411794,217.751,50.00000000000001,1,1360,公益路,西區,no,True,True,False,contains
413411792,2285844894,10.229,50.0,1,1360,公益路,西區,no,True,True,False,contains
413411794,413411792,217.751,50.00000000000001,1,1360,公益路,西區,no,True,True,False,contains
413411794,2657775895,99.41499999999999,49.99999999999999,1,1360,精誠路,西區,no,True,True,False,contains
413411794,3955356783,128.65,50.0,1,1360,公益路,西區,yes,True,True,False,contains
413411798,2522796594,106.313,49.99999999999999,1,1360,公益路二段,南屯區,yes,True,True,False,contains
413411798,2597789626,10.508,50.0,1,1360,大墩路,南屯區,no,True,True,False,contains
663692467,2273314801,10.775,50.0,1,1360,進化北路,北區,yes,True,True,False,contains
663692467,2273314805,89.215,50.0,1,1360,崇德路一段,北區,yes,True,True,False,contains
701938726,2286334524,1448.957,50.0,4,5439,林森路,西區,no,False,False,False,contains
703553377,2286357575,1709.2060000000001,50.00000000000001,4,5439,民權路,西區,no,False,False,False,contains
703553377,10309974995,505.61899999999997,50.0,4,5439,台中路,東區,no,False,False,False,contains
703698045,703553377,438.425,50.00000000000001,1,1360,復興路四段,東區,yes,True,True,False,contains
703698051,1270027397,106.249,50.0,1,1360,自由路二段,中區,no,True,True,False,contains
703698051,1629241738,224.613,50.0,2,2719,成功路,中區,yes,False,True,False,contains
704461088,263152592,296.745,50.0,3,4079,英才路,西區,yes,False,False,False,contains
704461088,704461094,384.07000000000005,50.00000000000001,4,5439,英才路,西區,no,False,False,False,contains
704461094,380038134,461.764,50.00000000000001,4,5439,向上路一段,西區,no,False,True,False,contains
704461094,704461088,384.07000000000005,50.00000000000001,4,5439,英才路,西區,no,False,False,False,contains
704461094,5520565628,460.874,49.99999999999999,4,5439,英才路,西區,no,False,False,False,contains
704461096,410063352,11.016,59.99999999999999,3,4079,文心路二段,西屯區,yes,False,False,False,contains
704461096,2222553883,409.384,50.000000000000014,1,1360,臺灣大道二段,西屯區,yes,True,True,False,contains
704461113,4422167092,88.662,50.00000000000001,1,1360,四川路,西屯區,no,True,True,False,contains
746174293,1184149146,10.344,50.0,1,1360,逢大路,西屯區,no,True,True,False,contains
746174293,2414186999,100.373,50.0,4,5439,河南路二段,西屯區,yes,False,True,False,contains
746174308,2659007865,11.453,50.0,4,5439,東興路三段,南屯區,no,False,True,False,contains
746174308,3683225207,301.584,50.0,4,5439,東興路三段,西區,no,False,True,False,contains
746174341,4634092568,357.938,50.00000000000001,4,5439,東興路三段,西區,no,False,True,False,contains
746174381,746174412,11.174,50.0,1,1360,漢口路一段,西屯區,no,True,True,False,contains
746174381,3683225211,211.45,60.0,3,4079,臺灣大道二段,西屯區,yes,False,False,False,contains
746174412,746174381,11.174,50.0,1,1360,漢口路一段,西屯區,no,True,True,False,contains
746174412,2222553885,341.706,50.0,1,1360,臺灣大道二段,西屯區,yes,True,True,False,contains
752671758,2336845121,4279.505999999999,49.976121385458285,1,1360,十甲東路,東區,no,True,True,False,contains
753036393,1208283405,17.192,50.0,1,1360,惠來路二段,西屯區,no,True,True,False,contains
753036393,1208283497,586.863,50.00000000000001,4,5439,惠來路一段,西屯區,no,False,True,False,contains
753036393,2673110785,325.475,49.99999999999999,4,5439,市政路,西屯區,yes,False,True,False,contains
753036500,1234819127,19.744,50.0,1,1360,公益路二段,南屯區,yes,True,True,False,contains
753036500,1263334016,304.034,59.999999999999986,3,4079,文心路一段,南屯區,yes,False,False,False,contains
768592707,1264707090,23.272,50.0,1,1360,中清路二段,北屯區,yes,True,True,False,contains
768592707,2451467899,249.724,50.00000000000001,3,4079,文心路四段,北區,yes,False,True,False,contains
768592719,263152100,14.55,49.99999999999999,1,1360,健行路,北區,no,True,True,False,contains
768592719,2384398736,36.941,50.0,1,1360,健行路,北區,no,True,True,False,contains
768592721,791389919,634.783,50.0,1,1360,漢口路一段,西屯區,no,True,True,False,contains
768592721,2310876549,32.802,50.0,1,1360,漢口路二段,西屯區,no,True,True,False,contains
768592721,2310876556,55.881,50.0,4,5439,西屯路二段,西屯區,no,False,True,False,contains
768592748,2494657652,150.819,49.99999999999999,2,2719,中清路一段,北區,yes,False,True,False,contains
768592761,768592719,109.659,50.00000000000001,2,2719,中清路一段,北區,yes,False,True,False,contains
768592761,2285774550,11.675,50.0,1,1360,,北區,no,True,True,True,contains
768592761,2384398732,112.804,49.99999999999999,1,1360,梅川東路三段,北區,no,True,True,False,contains
768592762,2409937096,12.4,50.0,1,1360,天津路二段,北區,no,True,True,False,contains
768592762,2440639576,179.614,50.00000000000001,2,2719,中清路一段,北區,yes,False,True,False,contains
791017493,1210454810,172.356,50.0,4,5439,河南路二段,西屯區,yes,False,True,False,contains
791017493,2599103054,9.76,50.0,2,2719,西屯路二段,西屯區,no,False,True,False,contains
791389748,3504352683,52.922,49.99999999999999,1,1360,臺灣大道二段,北區,yes,True,True,False,contains
791389854,791389748,8.248,50.0,1,1360,中興街,西區,yes,True,True,False,contains
791389854,1019448878,157.266,49.99999999999999,1,1360,臺灣大道二段,西區,yes,True,True,False,contains
791389919,768592721,634.783,50.0,1,1360,漢口路一段,西屯區,no,True,True,False,contains
791389919,3469522868,61.657,50.0,1,1360,四川路,西屯區,no,True,True,False,contains
791389958,791401855,9.604,50.0,1,1360,博館路,西區,no,True,True,False,contains
791389958,2222553859,244.531,60.00000000000001,1,1360,忠明路,西區,yes,True,False,False,contains
791401854,3504352687,13.758,59.99999999999999,1,1360,忠明南路,西區,yes,True,False,False,contains
791401855,791389958,9.604,50.0,1,1360,博館路,西區,no,True,True,False,contains
791401855,2285844923,135.297,60.0,1,1360,忠明路,西區,yes,True,False,False,contains
957911268,378731550,156.815,50.0,1,1360,崇德路一段,北區,yes,True,True,False,contains
957911268,2273314783,9.435,50.0,1,1360,健行路,北區,no,True,True,False,contains
1019448873,791389748,157.123,50.0,1,1360,臺灣大道二段,西區,yes,True,True,False,contains
1019448873,1019448878,6.948,50.0,1,1360,健行路,西區,no,True,True,False,contains
1019448875,263152663,9.885,50.0,1,1360,惠中路,西屯區,no,True,True,False,contains
1019448875,1208283549,308.339,50.0,1,1360,臺灣大道三段,西屯區,yes,True,True,False,contains
1019448878,1019448873,6.948,50.0,1,1360,健行路,西區,no,True,True,False,contains
1019448878,3504352685,331.667,50.0,1,1360,臺灣大道二段,西區,yes,True,True,False,contains
1019448903,1019448911,11.745,50.0,2,2719,太原路一段,北區,yes,False,False,False,contains
1019448906,1019449044,12.354,50.0,4,5439,大墩路,南屯區,no,False,True,False,contains
1019448906,1263333950,314.16,50.0,2,2719,五權西路二段,南屯區,yes,False,False,False,contains
1019448906,2597789626,1184.0080000000003,50.000000000000014,4,5439,大墩路,南屯區,no,False,True,False,contains
1019448911,2384401272,161.813,49.99999999999999,1,1360,太原路二段,北區,yes,True,True,False,contains
1019448911,2408395759,30.511,50.0,2,2719,中清路一段,北區,yes,False,True,False,contains
1019448936,2273314804,126.14,50.0,1,1360,崇德路一段,北區,yes,True,True,False,contains
1019448936,5286997095,11.048,50.0,1,1360,太原路三段,北區,yes,True,True,False,contains
1019449001,2406512866,93.891,50.0,3,4079,五權西路一段,西區,yes,False,False,False,contains
1019449001,3387065012,10.252,50.0,1,1360,美村路一段,西區,no,True,True,False,contains
1019449005,2285844894,438.364,50.0,4,5439,公益路,西區,no,False,True,False,contains
1019449032,1019449044,374.631,49.99999999999999,4,5439,大墩路,南屯區,no,False,True,False,contains
1019449044,1019448906,12.354,50.0,4,5439,大墩路,南屯區,no,False,True,False,contains
1019449044,1019449032,374.631,50.00000000000001,4,5439,大墩路,南屯區,no,False,True,False,contains
1147069737,2320046578,9.834,50.0,1,1360,民生路,西區,no,True,True,False,contains
1147069737,10276618508,109.645,50.0,2,2719,五權路,西區,yes,False,False,False,contains
1166242282,753036393,314.72,50.0,4,5439,市政路,西屯區,yes,False,True,False,contains
1166242282,2674338880,17.411,50.0,1,1360,河南路三段,西屯區,yes,True,True,False,contains
1167823576,1167824081,10.791,50.0,2,2719,上安路,西屯區,no,False,True,False,contains
1167823576,1210455262,145.022,50.0,4,5439,河南路二段,西屯區,yes,False,True,False,contains
1167823606,1167824232,201.213,50.0,1,1360,青海南街,西屯區,no,True,True,False,contains
1167823606,2796037637,194.629,50.0,1,1360,青海南街,西屯區,no,True,True,False,contains
1167824081,1167823576,10.791,50.0,2,2719,上安路,西屯區,no,False,True,False,contains
1167824081,13582966261,215.366,50.00000000000001,4,5439,河南路二段,西屯區,yes,False,True,False,contains
1167824232,1167823606,201.213,50.0,1,1360,青海南街,西屯區,no,True,True,False,contains
1167824232,2386180264,1496.5400000000002,50.00000000000001,1,1360,西安街,西屯區,no,True,True,False,contains
1184149146,746174293,10.344,50.0,1,1360,逢大路,西屯區,no,True,True,False,contains
1184149146,2599103064,137.496,50.0,4,5439,河南路二段,西屯區,yes,False,True,False,contains
1184180455,1234819205,11.286,50.0,1,1360,惠文路,南屯區,no,True,True,False,contains
1184180455,6130545331,164.703,50.0,1,1360,公益路二段,南屯區,yes,True,False,False,contains
1192918508,1192918700,168.282,50.00000000000001,1,1360,朝富路,西屯區,no,True,True,False,contains
1192918508,3683225171,14.423,50.0,1,1360,朝富路,西屯區,no,True,True,False,contains
1192918508,13582966257,226.808,50.0,1,1360,臺灣大道三段,西屯區,yes,True,True,False,contains
1192918700,1192918508,168.28199999999998,49.99999999999999,1,1360,朝富路,西屯區,no,True,True,False,contains
1192918700,3426698187,685.701,50.0,4,5439,朝馬路,西屯區,no,False,True,False,contains
1192918963,5057628097,11.651,50.0,1,1360,朝富路,西屯區,no,True,True,False,contains
1193938417,703698045,112.481,50.00000000000001,1,1360,復興路四段,東區,yes,True,True,False,contains
1193938417,2286393459,177.116,50.0,4,5439,大智北路,東區,no,False,True,False,contains
1208283405,753036393,17.192,50.0,1,1360,惠來路二段,西屯區,no,True,True,False,contains
1208283405,1208283478,15.422,50.0,1,1360,惠來路二段,西屯區,no,True,True,False,contains
1208283405,2674338880,322.616,49.99999999999999,4,5439,市政路,西屯區,yes,False,True,False,contains
1208283411,1208283527,15.471,49.99999999999999,4,5439,市政路,西屯區,yes,False,True,False,contains
1208283411,2597739077,12.67,50.0,4,5439,惠中路一段,西屯區,yes,False,True,False,contains
1208283416,1208283411,17.536,60.0,1,1360,惠中路二段,西屯區,yes,True,False,False,contains
1208283416,1208283466,240.726,50.0,4,5439,市政路,西屯區,yes,False,True,False,contains
1208283424,1208283411,232.953,50.0,4,5439,市政路,西屯區,yes,False,True,False,contains
1208283424,1208283466,14.907,50.0,1,1360,惠文路,西屯區,no,True,True,False,contains
1208283466,1208283424,14.907,50.0,1,1360,惠文路,西屯區,no,True,True,False,contains
1208283466,1208283521,306.558,50.0,4,5439,市政路,西屯區,yes,False,True,False,contains
1208283478,1208283405,15.422,50.0,1,1360,惠來路二段,西屯區,no,True,True,False,contains
1208283478,1234819346,662.479,50.0,1,1360,惠來路二段,西屯區,no,True,True,False,contains
1208283497,753036393,586.8629999999999,50.0,4,5439,惠來路一段,西屯區,no,False,True,False,contains
1208283521,2597739054,11.042,60.0,3,4079,文心路二段,西屯區,yes,False,False,False,contains
1208283521,5645881376,22.21,50.0,4,5439,市政路,南屯區,yes,False,True,False,contains
1208283527,1208283405,322.538,49.99999999999999,4,5439,市政路,西屯區,yes,False,True,False,contains
1208283527,2673110785,18.077,50.0,3,4079,惠中路一段,西屯區,yes,False,True,False,contains
1208283549,1210454933,324.933,49.99999999999999,1,1360,惠來路三段,西屯區,no,True,True,False,contains
1208283549,2222701898,30.341,50.0,1,1360,臺灣大道三段,西屯區,yes,True,True,False,contains
1208283549,3683225178,16.095,50.0,1,1360,惠來路三段,西屯區,no,True,True,False,contains
1208293900,1263333959,216.843,60.0,3,4079,文心路一段,南屯區,yes,False,False,False,contains
1208293900,1263334038,22.938,50.0,1,1360,大墩十一街,南屯區,no,True,True,False,contains
1210454773,2599103060,120.894,50.0,4,5439,河南路二段,西屯區,yes,False,True,False,contains
1210454773,2599103062,16.04,50.0,1,1360,福上巷,西屯區,no,True,True,False,contains
1210454810,2569917262,135.755,50.0,4,5439,河南路二段,西屯區,yes,False,True,False,contains
1210454810,2599103059,12.323,50.0,1,1360,河南路二段301巷,西屯區,no,True,True,False,contains
1210454933,1208283549,324.933,49.99999999999999,1,1360,惠來路三段,西屯區,no,True,True,False,contains
1210454933,2310876554,290.04600000000005,50.000000000000014,1,1360,青海路二段,西屯區,yes,True,True,False,contains
1210454966,1264707073,130.139,59.99999999999999,3,4079,文心路三段,西屯區,yes,False,False,False,contains
1210455262,378722823,133.333,49.99999999999999,4,5439,河南路二段,西屯區,yes,False,True,False,contains
1210455262,2599103047,10.485,50.0,1,1360,智惠街,西屯區,no,True,True,False,contains
1210455303,1264707073,17.219,50.0,1,1360,臺灣大道二段,西屯區,yes,True,True,False,contains
1210455303,2320003261,198.327,60.0,3,4079,文心路三段,西屯區,yes,False,False,False,contains
1210476794,3426698187,16.306,50.0,4,5439,朝馬路,西屯區,no,False,True,False,contains
1215998836,2285844975,21.974,54.40006601749463,1,1360,忠太東路,北區,yes,True,True,False,contains
1229056176,1229056405,1135.622,50.0,4,5439,東山路一段,北屯區,no,False,True,False,contains
1229056176,2078496647,904.3990000000001,50.000000000000014,2,2719,東山路一段,北屯區,no,False,True,False,contains
1229056176,2336845134,637.49,50.0,4,5439,軍功路一段,北屯區,no,False,True,False,contains
1229056381,3212772158,422.61400000000003,50.000000000000014,4,5439,東山路一段,北屯區,no,False,True,False,contains
1229056405,1229056176,1135.622,50.0,4,5439,東山路一段,北屯區,no,False,True,False,contains
1234819109,1263333984,253.465,60.0,3,4079,文心路二段,西屯區,yes,False,False,False,contains
1234819109,2597737511,22.107,50.0,1,1360,市政北一路,西屯區,yes,True,True,False,contains
1234819119,6106382910,192.888,50.0,1,1360,惠文路647巷,南屯區,no,True,True,False,contains
1234819127,1234819312,11.754,60.0,3,4079,文心路一段,南屯區,yes,False,False,False,contains
1234819127,2597784475,123.737,50.00000000000001,1,1360,公益路二段,南屯區,yes,True,True,False,contains
1234819189,1234819274,22.266,50.0,1,1360,市政北一路,西屯區,yes,True,True,False,contains
1234819189,2597739061,149.869,60.0,3,4079,文心路二段,西屯區,yes,False,False,False,contains
1234819198,263152663,17.941,50.0,1,1360,惠中路,西屯區,no,True,True,False,contains
1234819198,2597767460,200.029,59.13428138121596,3,4079,惠中路一段,西屯區,yes,False,True,False,contains
1234819198,3683225182,368.584,50.0,1,1360,臺灣大道三段,西屯區,yes,True,False,False,contains
1234819205,1184180455,11.286,50.0,1,1360,惠文路,南屯區,no,True,True,False,contains
1234819205,1234819119,119.496,50.0,1,1360,公益路二段,南屯區,yes,True,True,False,contains
1234819205,6106382910,80.343,50.0,1,1360,惠文路,南屯區,no,True,True,False,contains
1234819227,1234819355,127.811,50.0,3,4079,惠中路一段,西屯區,yes,False,True,False,contains
1234819227,1234819389,13.707,50.00000000000001,1,1360,市政北二路,西屯區,no,True,True,False,contains
1234819274,1234819109,15.078,60.00000000000001,3,4079,文心路二段,西屯區,yes,False,False,False,contains
1234819279,1234819288,76.738,59.99999999999999,3,4079,惠中路一段,西屯區,yes,False,False,False,contains
1234819279,3212336320,12.81,50.00000000000001,1,1360,市政北五路,西屯區,no,True,True,False,contains
1234819288,1234819227,90.217,60.0,3,4079,惠中路一段,西屯區,yes,False,False,False,contains
1234819288,3212336327,14.333,49.99999999999999,1,1360,市政北三路,西屯區,no,True,True,False,contains
1234819308,1234819340,13.272,50.0,1,1360,市政北一路,西屯區,yes,True,True,False,contains
1234819308,2597739079,158.91299999999998,50.0,3,4079,惠中路一段,西屯區,yes,False,True,False,contains
1234819312,1263333959,19.402,50.0,1,1360,公益路二段,南屯區,yes,True,False,False,contains
1234819312,1263334038,219.62,60.0,3,4079,文心路一段,南屯區,yes,False,False,False,contains
1234819340,1234819433,11.91,50.0,4,5439,惠中路一段,西屯區,yes,False,True,False,contains
1234819346,1208283478,662.479,50.0,1,1360,惠來路二段,西屯區,no,True,True,False,contains
1234819346,3683225177,199.4,49.99999999999999,4,5439,惠來路二段,西屯區,no,False,True,False,contains
1234819355,1234819308,11.894,50.0,3,4079,惠中路一段,西屯區,yes,False,True,False,contains
1234819389,1234819227,13.707,50.00000000000001,1,1360,市政北二路,西屯區,no,True,True,False,contains
1234819389,3212336327,88.95899999999999,60.0,4,5439,惠中路一段,西屯區,yes,False,False,False,contains
1234819433,1234819355,13.321,50.0,1,1360,市政北一路,西屯區,yes,True,True,False,contains
1234819433,1234819389,127.873,49.99999999999999,4,5439,惠中路一段,西屯區,yes,False,True,False,contains
1245798154,1264707095,15.058,50.0,1,1360,昌平路一段,北屯區,no,True,True,False,contains
1245798154,2440630887,329.389,60.0,3,4079,文心路四段,北屯區,yes,False,False,False,contains
1253928433,1430832186,1352.0300000000002,56.639492601839905,1,1360,臺灣大道四段,西屯區,yes,True,True,False,contains
1253928433,2225388579,11.723,49.99999999999999,4,5439,工業區一路,西屯區,no,False,True,False,contains
1253928433,3893055357,21.75,50.0,4,5439,工業區一路,西屯區,no,False,True,False,contains
1263333950,1263334039,24.376,50.0,2,2719,五權西路二段,南屯區,yes,False,False,False,contains
1263333950,2522798457,280.799,59.999999999999986,3,4079,文心路一段,南屯區,yes,False,False,False,contains
1263333959,753036500,11.06,60.0,3,4079,文心路一段,南屯區,yes,False,False,False,contains
1263333959,2597789616,95.58,50.0,1,1360,公益路二段,南屯區,yes,True,False,False,contains
1263333961,1263333984,20.43,50.0,1,1360,大隆路,西屯區,no,True,True,False,contains
1263333961,2597737511,272.286,60.0,3,4079,文心路二段,西屯區,yes,False,False,False,contains
1263333967,704461096,16.745,50.0,1,1360,臺灣大道二段,西屯區,yes,True,True,False,contains
1263333967,3683225182,19.609,60.0,3,4079,文心路三段,西屯區,yes,False,False,False,contains
1263333984,1263333961,20.43,50.0,1,1360,大隆路,西屯區,no,True,True,False,contains
1263333984,1263334057,140.466,60.00000000000001,3,4079,文心路二段,西屯區,yes,False,False,False,contains
1263334016,263182355,23.144,50.0,1,1360,大業路,南屯區,no,True,True,False,contains
1263334016,5645881375,191.822,60.00000000000001,3,4079,文心路一段,南屯區,yes,False,False,False,contains
1263334029,2406512851,23.994,50.0,1,1360,五權西路二段,南屯區,yes,True,False,False,contains
1263334032,5499260746,116.314,60.0,3,4079,文心路一段,南屯區,yes,False,False,False,contains
1263334032,5536966028,30.835,50.0,1,1360,向心路,南屯區,no,True,True,False,contains
1263334034,704461096,19.027,60.00000000000001,3,4079,文心路二段,西屯區,yes,False,False,False,contains
1263334038,1208293900,22.938,50.0,1,1360,大墩十一街,南屯區,no,True,True,False,contains
1263334038,5536966026,224.14600000000002,60.00000000000001,3,4079,文心路一段,南屯區,yes,False,False,False,contains
1263334039,1263334029,13.343,60.0,3,4079,文心路一段,南屯區,yes,False,False,False,contains
1263334057,2255483095,156.084,60.0,3,4079,文心路二段,西屯區,yes,False,False,False,contains
1263334057,2775522632,16.943,50.0,1,1360,大墩十九街,西屯區,no,True,True,False,contains
1264707073,2222553894,13.636,60.0,3,4079,文心路三段,西屯區,yes,False,False,False,contains
1264707084,378725851,126.926,50.0,1,1360,西屯路二段,西屯區,no,True,True,False,contains
1264707084,387741398,18.06,50.0,1,1360,西屯路二段,西屯區,no,True,True,False,contains
1264707084,1264707114,88.861,60.00000000000001,3,4079,文心路三段,西屯區,yes,False,False,False,contains
1264707090,1264707117,11.215,50.0,3,4079,文心路四段,北屯區,yes,False,True,False,contains
1264707095,1245798154,15.058,50.0,1,1360,昌平路一段,北屯區,no,True,True,False,contains
1264707095,1282923531,333.87799999999993,59.99999999999999,3,4079,文心路四段,北屯區,yes,False,False,False,contains
1264707098,1264707115,10.361,59.99999999999999,4,5439,文心路四段,北屯區,no,False,False,False,contains
1264707098,2440630883,366.92,60.0,3,4079,文心路四段,北屯區,yes,False,False,False,contains
1264707103,387741401,26.74,50.0,1,1360,河南路一段,西屯區,no,True,True,False,contains
1264707103,2403409706,223.72600000000003,50.00000000000001,3,4079,文心路三段,西屯區,yes,False,True,False,contains
1264707114,387741226,23.033,50.0,1,1360,青海路一段,西屯區,no,True,True,False,contains
1264707114,2310876558,156.68,60.00000000000001,3,4079,文心路三段,西屯區,yes,False,False,False,contains
1264707115,1264707098,10.361,59.99999999999999,4,5439,文心路四段,北屯區,no,False,False,False,contains
1264707115,3169776373,1380.342,50.00000000000001,3,4079,北屯路,北屯區,yes,False,False,False,contains
1264707117,387741404,23.102,50.0,1,1360,中清路二段,北屯區,yes,True,True,False,contains
1264707117,3198439733,290.31600000000003,50.0,3,4079,文心路三段,北屯區,yes,False,True,False,contains
1270027352,2127364235,133.17499999999998,49.99999999999999,4,5439,臺灣大道一段,中區,no,False,False,False,contains
1270027352,2222522344,134.494,50.0,4,5439,臺灣大道一段,中區,no,False,False,False,contains
1270027352,2222522366,104.378,50.0,1,1360,興中街,中區,yes,True,True,False,contains
1270027354,1270027375,108.583,49.99999999999999,4,5439,臺灣大道一段,中區,no,False,False,False,contains
1270027354,1270027397,114.035,50.00000000000001,4,5439,臺灣大道一段,中區,no,False,False,False,contains
1270027356,2285774450,318.815,49.99999999999999,2,2719,英才路,北區,no,False,False,False,contains
1270027356,2775551888,462.02299999999997,49.99999999999999,1,1360,民權路,北區,no,True,True,False,contains
1270027356,7936102876,388.78600000000006,50.00000000000001,2,2719,英才路,北區,no,False,False,False,contains
1270027375,1270027354,108.583,49.99999999999999,4,5439,臺灣大道一段,中區,no,False,False,False,contains
1270027375,2222522344,150.672,50.0,4,5439,臺灣大道一段,中區,no,False,False,False,contains
1270027375,2284346553,106.989,50.0,1,1360,平等街,中區,yes,True,True,False,contains
1270027397,703698051,106.249,50.0,1,1360,自由路二段,中區,no,True,True,False,contains
1270027397,1270027354,114.035,49.99999999999999,4,5439,臺灣大道一段,中區,no,False,False,False,contains
1270027397,2222522299,225.066,49.99999999999999,4,5439,臺灣大道一段,中區,no,False,False,False,contains
1282923531,2273314832,220.295,60.00000000000001,3,4079,文心路四段,北屯區,yes,False,False,False,contains
1282923531,3711540338,13.748,50.0,2,2719,熱河路二段,北屯區,no,False,True,False,contains
1296335911,2273306452,97.026,49.99999999999999,2,2719,松竹路二段,北屯區,yes,False,False,False,contains
1296335917,1296335911,28.978,49.99999999999999,2,2719,松竹路二段,北屯區,yes,False,False,False,contains
1296335917,2127364520,13.442,49.99999999999999,1,1360,,北屯區,no,True,True,True,contains
1296887545,2073166460,10.341,50.0,1,1360,旱溪東路三段,北屯區,no,True,True,False,contains
1296887545,5042099483,112.431,50.0,2,2719,松竹二號橋,北屯區,yes,False,False,False,contains
1430832186,2225388567,27.37,49.99999999999999,1,1360,東大路一段,西屯區,no,True,True,False,contains
1596002756,1596002767,14.469,50.0,1,1360,臺灣大道三段,西屯區,yes,True,True,False,contains
1596002756,2796037637,89.163,50.0,1,1360,臺灣大道三段,西屯區,no,True,True,False,contains
1596002767,2984132842,238.94,49.99999999999999,1,1360,臺灣大道三段,西屯區,yes,True,True,False,contains
1619106756,2222522344,106.685,50.00000000000001,1,1360,三民路二段,中區,no,True,True,False,contains
1619106756,2284346553,150.999,50.0,2,2719,成功路,中區,yes,False,True,False,contains
1629241738,3283314503,32.491,49.99999999999999,2,2719,成功路,中區,yes,False,True,False,contains
1632701029,2273314849,11.977,50.0,1,1360,崇德五路,北屯區,no,True,True,False,contains
1632701029,4014688881,185.218,50.0,2,2719,崇德路二段,北屯區,yes,False,True,False,contains
1632701037,1632701039,153.926,50.0,1,1360,梅川東路五段,北屯區,yes,True,True,False,contains
1632701037,2479028923,72.595,50.0,1,1360,崇德六路,北屯區,no,True,True,False,contains
1632701039,2273307102,73.944,50.0,2,2719,松竹路三段,北屯區,yes,False,False,False,contains
1632701039,2273307107,8.848,50.0,1,1360,梅川東路五段,北屯區,yes,True,True,False,contains
1634084655,2479029261,180.21699999999998,50.0,1,1360,后庄北路,北屯區,no,True,True,False,contains
1634084655,2625594554,10.529,50.0,1,1360,經貿三路二段,北屯區,no,True,True,False,contains
1634084655,2632076613,148.34,50.00000000000001,1,1360,中清路二段,北屯區,yes,True,True,False,contains
1634084657,277967597,637.0049999999999,50.0,1,1360,后庄北路,北屯區,no,True,True,False,contains
1634084657,2479029261,226.55,50.00000000000001,1,1360,后庄北路,北屯區,no,True,True,False,contains
1634084657,2632076620,235.438,50.0,1,1360,庄美街,北屯區,no,True,True,False,contains
1634084666,3555961414,464.57,50.000000000000014,1,1360,中清路三段,西屯區,yes,True,True,False,contains
1634084666,3555961439,11.79,50.0,1,1360,中清路三段225巷,西屯區,no,True,True,False,contains
1647311816,1634084655,114.724,49.99999999999999,1,1360,中清路二段,北屯區,yes,True,True,False,contains
1647311816,3426932994,11.027,50.0,1,1360,后庄路,北屯區,no,True,True,False,contains
1696147057,1632701029,128.017,50.0,2,2719,崇德路二段,北屯區,yes,False,True,False,contains
1696147057,2273314851,11.797,50.0,1,1360,崇德六路,北屯區,no,True,True,False,contains
1696147066,2273307095,74.11099999999999,49.99999999999999,2,2719,松竹路三段,北屯區,yes,False,False,False,contains
1900557603,3182231466,146.799,50.00000000000001,2,2719,松竹路一段,北屯區,yes,False,False,False,contains
1905096254,2336845134,460.024,50.0,4,5439,軍福九路,北屯區,no,False,True,False,contains
2073166460,369670890,599.7170000000001,50.00000000000001,2,2719,松竹路一段,北屯區,yes,False,False,False,contains
2073166460,1296887545,10.341,50.0,1,1360,旱溪東路三段,北屯區,no,True,True,False,contains
2073166460,2078496647,1153.257,49.99999999999999,1,1360,旱溪東路三段,北屯區,no,True,True,False,contains
2078496647,1229056176,904.3989999999999,50.0,2,2719,東山路一段,北屯區,no,False,True,False,contains
2078496647,2073166460,1153.257,50.00000000000001,1,1360,旱溪東路三段,北屯區,no,True,True,False,contains
2078496647,3212772158,208.141,50.00000000000001,4,5439,東山路一段,北屯區,no,False,True,False,contains
2078496647,3212781967,178.993,50.0,1,1360,水景街,北屯區,no,True,True,False,contains
2127364235,1270027352,133.175,50.00000000000001,4,5439,臺灣大道一段,中區,no,False,False,False,contains
2127364235,2127364247,104.421,50.0,1,1360,大誠街,中區,no,True,True,False,contains
2127364235,2222522424,527.9590000000001,50.0,1,1360,臺灣大道一段,北區,no,True,False,False,contains
2127364247,2127364235,104.421,49.999999999999986,1,1360,大誠街,中區,no,True,True,False,contains
2127364247,2222522366,130.198,50.00000000000001,2,2719,成功路,中區,yes,False,True,False,contains
2127364299,2283708860,18.706,50.0,1,1360,太平路,北區,no,True,True,False,contains
2127364299,2494655709,56.158,50.00000000000001,2,2719,中清路一段,北區,yes,False,True,False,contains
2127364520,1296335917,13.442,49.99999999999999,1,1360,,北屯區,no,True,True,True,contains
2127364520,3388981023,36.031000000000006,50.00000000000001,3,4079,松竹路二段,北屯區,yes,False,False,False,contains
2135456141,2217884312,7.316,50.0,1,1360,力行路,東區,no,True,True,False,contains
2154860686,2154860733,64.449,50.0,6,8158,松竹路三段,北屯區,no,False,False,False,contains
2154860686,4423739252,141.683,50.00000000000001,2,2719,松竹路三段,北屯區,yes,False,False,False,contains
2154860733,2154860686,64.449,50.0,6,8158,松竹路三段,北屯區,no,False,False,False,contains
2154860733,11935327603,254.491,49.99999999999999,1,1360,環中路一段,北屯區,yes,True,True,False,contains
2155713241,1900557603,127.71099999999998,49.99999999999999,2,2719,松竹路一段,北屯區,yes,False,False,False,contains
2155713241,2155791898,48.071,49.99999999999999,1,1360,松竹路一段,北屯區,yes,True,False,False,contains
2155791895,2155713241,28.344,50.0,1,1360,松竹路一段,北屯區,yes,True,True,False,contains
2155791898,2155791895,12.335,50.00000000000001,1,1360,環中東路一段,北屯區,yes,True,True,False,contains
2155791898,2273306394,209.329,50.0,2,2719,松竹路一段,北屯區,yes,False,False,False,contains
2170314060,2273314811,110.599,50.0,1,1360,崇德路一段,北區,yes,True,True,False,contains
2170314060,5856301631,10.216,50.0,1,1360,漢口路四段,北屯區,no,True,True,False,contains
2179606707,2285844896,11.519,50.0,1,1360,忠誠街,西區,no,True,True,False,contains
2179606707,2285844904,183.858,50.0,1,1360,忠明南路,西區,yes,True,False,False,contains
2181526578,7216723043,8.543,50.0,3,4079,環中路二段,西屯區,yes,False,True,False,contains
2181526588,2320003290,255.704,50.0,3,4079,環中路二段,西屯區,yes,False,True,False,contains
2181526589,2640718951,37.418,50.0,1,1360,中清路三段,西屯區,yes,True,True,False,contains
2181526589,3433258558,73.937,50.0,3,4079,環中路二段,西屯區,yes,False,True,False,contains
2181526592,2181526589,12.4,50.0,1,1360,環中路一段,西屯區,yes,True,True,False,contains
2181526592,3555961415,81.068,50.0,1,1360,中清路三段,西屯區,yes,True,True,False,contains
2181538077,2625594581,17.668,50.0,1,1360,環中路二段,西屯區,yes,True,True,False,contains
2181538078,389520598,79.13900000000001,50.000000000000014,1,1360,環中路二段,西屯區,yes,True,True,False,contains
2181538078,2640718951,75.861,49.99999999999999,1,1360,環中路二段,西屯區,yes,True,True,False,contains
2181538089,5411985847,64.438,50.0,1,1360,環中路一段,西屯區,yes,True,True,False,contains
2181538089,5411985854,13.129,50.0,1,1360,中清路二段,西屯區,yes,True,True,False,contains
2181538093,2181538096,87.262,50.0,1,1360,環中路一段,西屯區,yes,True,True,False,contains
2181538096,2625617400,822.6419999999998,49.99999999999999,1,1360,環中路一段,西屯區,yes,True,True,False,contains
2192293380,2440630893,16.128,50.0,1,1360,綏遠路一段,北屯區,no,True,True,False,contains
2192293380,2479028788,185.329,50.0,3,4079,文心路四段,北屯區,yes,False,True,False,contains
2192293380,2501749581,77.896,50.0,1,1360,綏遠路一段,北屯區,no,True,True,False,contains
2192305779,2273314824,13.036,50.0,2,2719,北平路四段,北屯區,no,False,True,False,contains
2192305779,2273314828,136.681,50.0,1,1360,崇德路二段,北屯區,yes,True,True,False,contains
2217884310,2217884311,6.547,50.0,1,1360,力行路,東區,no,True,True,False,contains
2217884310,2921806861,128.575,50.0,1,1360,進化路,東區,yes,True,True,False,contains
2217884311,2135456141,55.997,50.0,1,1360,進化路,東區,yes,True,True,False,contains
2217884311,2217884310,6.547,50.0,1,1360,力行路,東區,no,True,True,False,contains
2217884312,263152321,192.008,49.99999999999999,1,1360,力行路,東區,no,True,True,False,contains
2217884312,2135456141,7.316,50.0,1,1360,力行路,東區,no,True,True,False,contains
2217884312,2217884310,55.959,50.0,1,1360,進化路,東區,yes,True,True,False,contains
2222505682,2286393459,229.487,50.0,1,1360,新民街,東區,yes,True,True,False,contains
2222505682,3282747193,126.354,49.99999999999999,2,2719,建國路,中區,yes,False,True,False,contains
2222522299,1270027397,225.066,50.0,4,5439,臺灣大道一段,中區,no,False,False,False,contains
2222522299,1629241738,105.308,49.99999999999999,1,1360,綠川西街,中區,yes,True,True,False,contains
2222522299,5916214842,30.250000000000004,50.00000000000001,6,8158,臺灣大道一段,中區,no,False,False,False,contains
2222522344,1270027352,134.494,50.0,4,5439,臺灣大道一段,中區,no,False,False,False,contains
2222522344,1270027375,150.672,50.0,4,5439,臺灣大道一段,中區,no,False,False,False,contains
2222522344,1619106756,106.685,50.00000000000001,1,1360,三民路二段,中區,no,True,True,False,contains
2222522366,1619106756,136.79,50.0,2,2719,成功路,中區,yes,False,True,False,contains
2222522424,2127364235,527.959,50.0,1,1360,臺灣大道一段,北區,no,True,False,False,contains
2222522424,2222522430,43.322,50.0,5,6799,臺灣大道一段,西區,no,False,False,False,contains
2222522424,3001732576,60.675,50.0,1,1360,,西區,yes,False,True,True,contains
2222522430,297716895,10.035,50.0,1,1360,臺灣大道一段,西區,no,True,False,False,contains
2222522430,2222522424,43.322,50.0,5,6799,臺灣大道一段,西區,no,False,False,False,contains
2222522430,3001732576,41.312,49.99999999999999,2,2719,五權路,西區,yes,False,True,False,contains
2222553767,297716895,104.03,50.0,3,4079,臺灣大道二段,西區,yes,False,False,False,contains
2222553767,2222553768,8.522,50.0,1,1360,均安街,西區,no,True,True,False,contains
2222553767,2555091628,107.727,49.99999999999999,1,1360,均安街,西區,no,True,True,False,contains
2222553768,2222553767,8.522,50.0,1,1360,均安街,西區,no,True,True,False,contains
2222553768,2924917824,71.258,49.99999999999999,1,1360,日興街,西區,no,True,True,False,contains
2222553805,297717106,9.79,50.0,4,5439,英才路,西區,no,False,False,False,contains
2222553805,7936102876,89.682,50.00000000000001,2,2719,英才路,西區,no,False,False,False,contains
2222553812,263152657,152.007,50.0,1,1360,臺灣大道二段,西區,yes,True,True,False,contains
2222553812,2222553813,10.061,50.0,1,1360,,北區,no,True,True,True,contains
2222553813,2222553812,10.061,50.0,1,1360,,北區,no,True,True,True,contains
2222553813,2222553820,154.666,50.0,1,1360,臺灣大道二段,北區,yes,True,True,False,contains
2222553820,791389854,52.857,50.0,1,1360,臺灣大道二段,北區,yes,True,True,False,contains
2222553852,791401854,11.482,50.0,1,1360,臺灣大道二段,西區,yes,True,True,False,contains
2222553852,2320046536,58.941,60.0,1,1360,忠明南路,西區,yes,True,False,False,contains
2222553854,2222553852,14.388000000000002,60.00000000000001,1,1360,忠明南路,西區,yes,True,False,False,contains
2222553854,3504352687,11.463,50.0,1,1360,臺灣大道二段,西區,yes,True,True,False,contains
2222553856,2222553854,9.14,60.0,1,1360,忠明南路,西區,yes,True,False,False,contains
2222553856,3683225210,216.84000000000003,50.00000000000001,1,1360,臺灣大道二段,西區,yes,True,True,False,contains
2222553858,791401855,244.931,59.99999999999999,1,1360,忠明路,西區,yes,True,False,False,contains
2222553858,2222553859,11.457,50.0,1,1360,臺灣大道二段,西區,yes,True,True,False,contains
2222553859,2222553856,13.617,50.0,1,1360,忠明南路,西區,yes,True,True,False,contains
2222553883,746174381,343.918,60.0,3,4079,臺灣大道二段,西屯區,yes,False,False,False,contains
2222553883,2222553885,10.616,50.0,1,1360,大墩路,西屯區,no,True,True,False,contains
2222553885,410063352,409.86000000000007,50.00000000000001,1,1360,臺灣大道二段,西屯區,yes,True,True,False,contains
2222553885,2222553883,10.616,50.0,1,1360,大墩路,西屯區,no,True,True,False,contains
2222553894,1019448875,375.46,59.99999999999999,1,1360,臺灣大道三段,西屯區,yes,True,False,False,contains
2222553894,1263333967,10.222,60.0,3,4079,文心路三段,西屯區,yes,False,False,False,contains
2222701898,3683225178,31.82,50.0,1,1360,弘孝路,西屯區,yes,True,True,False,contains
2222701898,13582966259,316.743,50.0,1,1360,臺灣大道三段,西屯區,yes,True,True,False,contains
2222701916,5057628097,225.375,50.0,1,1360,臺灣大道三段,西屯區,yes,True,True,False,contains
2222701916,13582966256,11.942,50.0,1,1360,河南路三段,西屯區,yes,True,True,False,contains
2225388567,1430832186,27.37,49.99999999999999,1,1360,東大路一段,西屯區,no,True,True,False,contains
2225388567,3893055357,1347.3890000000001,50.0,1,1360,臺灣大道四段,西屯區,yes,True,True,False,contains
2225388579,1253928433,11.723,49.99999999999999,4,5439,工業區一路,西屯區,no,False,True,False,contains
2249636453,3022483282,135.491,50.0,1,1360,精武路,東區,yes,True,True,False,contains
2249636453,5094365563,9.382,50.0,1,1360,,東區,no,True,True,True,contains
2255483095,1263334034,108.892,59.99999999999999,3,4079,文心路二段,西屯區,yes,False,False,False,contains
2272848299,1229056405,564.9000000000001,50.00000000000001,2,2719,松竹路一段,北屯區,yes,False,False,False,contains
2273306340,2273307098,10.977,50.0,2,2719,松竹路二段,北屯區,yes,False,False,False,contains
2273306346,2440630866,111.317,50.0,2,2719,松竹路二段,北屯區,yes,False,False,False,contains
2273306352,2273306346,35.06,50.0,2,2719,松竹路二段,北屯區,yes,False,False,False,contains
2273306352,2273306356,23.885,50.0,1,1360,,北屯區,no,True,True,True,contains
2273306356,2273306340,98.935,50.00000000000001,2,2719,松竹路二段,北屯區,yes,False,False,False,contains
2273306356,2273306352,23.885,50.0,1,1360,,北屯區,no,True,True,True,contains
2273306375,3169776369,10.277,49.99999999999999,3,4079,松竹路一段,北屯區,yes,False,False,False,contains
2273306394,277967313,13.738,50.0,1,1360,軍功路二段,北屯區,no,True,True,False,contains
2273306394,2273306426,170.661,50.00000000000001,2,2719,松竹路一段,北屯區,yes,False,False,False,contains
2273306426,369670890,13.623,50.0,1,1360,松竹二路,北屯區,no,True,True,False,contains
2273306426,1296887545,599.449,49.99999999999999,2,2719,松竹路一段,北屯區,yes,False,False,False,contains
2273306446,3388981056,62.494,50.00000000000001,2,2719,松竹路二段,北屯區,yes,False,False,False,contains
2273306448,2273306452,10.085,50.0,1,1360,松義街,北屯區,no,True,True,False,contains
2273306448,4332200053,50.649,50.0,2,2719,松竹路二段,北屯區,yes,False,False,False,contains
2273306452,2273306448,10.085,50.0,1,1360,松義街,北屯區,no,True,True,False,contains
2273306452,2273306468,207.96,50.0,2,2719,松竹路二段,北屯區,yes,False,False,False,contains
2273306462,2273306448,207.634,49.99999999999999,2,2719,松竹路二段,北屯區,yes,False,False,False,contains
2273306462,2273306468,9.901,50.0,1,1360,遼寧路二段,北屯區,no,True,True,False,contains
2273306468,2273306462,9.901,50.0,1,1360,遼寧路二段,北屯區,no,True,True,False,contains
2273306468,2479029003,115.93800000000002,50.00000000000001,2,2719,松竹路二段,北屯區,yes,False,False,False,contains
2273307095,277967555,11.02,50.0,2,2719,松竹路二段,北屯區,yes,False,False,False,contains
2273307095,1696147057,140.245,50.0,2,2719,崇德路二段,北屯區,yes,False,True,False,contains
2273307098,2273307095,9.888,50.0,1,1360,崇德路二段,北屯區,yes,True,True,False,contains
2273307098,2273307104,268.659,49.99999999999999,2,2719,松竹路三段,北屯區,yes,False,False,False,contains
2273307100,1696147066,136.895,50.0,2,2719,松竹路三段,北屯區,yes,False,False,False,contains
2273307100,2479028934,72.387,50.0,1,1360,河北路三段,北屯區,no,True,True,False,contains
2273307101,2273307100,57.86,50.0,2,2719,松竹路三段,北屯區,yes,False,False,False,contains
2273307101,2273307104,9.392,50.0,1,1360,松竹北一街,北屯區,no,True,True,False,contains
2273307102,2273307101,65.889,50.0,2,2719,松竹路三段,北屯區,yes,False,False,False,contains
2273307102,2479028937,76.157,50.0,1,1360,松竹北二街,北屯區,no,True,True,False,contains
2273307104,2273307101,9.392,50.0,1,1360,松竹北一街,北屯區,no,True,True,False,contains
2273307104,2273307107,139.996,50.00000000000001,2,2719,松竹路三段,北屯區,yes,False,False,False,contains
2273307107,8165007147,9.53,50.0,2,2719,松竹路三段,北屯區,yes,False,False,False,contains
2273307127,2273307131,233.016,49.99999999999999,2,2719,松竹路三段,北屯區,yes,False,False,False,contains
2273307127,2333048257,8.619,50.0,1,1360,山西路二段,北屯區,yes,True,True,False,contains
2273307130,2273307131,11.434,50.0,1,1360,四平路,北屯區,no,True,True,False,contains
2273307130,2333048257,227.735,50.0,2,2719,松竹路三段,北屯區,yes,False,False,False,contains
2273307130,2383675994,429.76300000000003,50.00000000000001,1,1360,四平路,北屯區,no,True,True,False,contains
2273307131,2273307130,11.434,50.0,1,1360,四平路,北屯區,no,True,True,False,contains
2273307131,2273307137,254.76,50.0,2,2719,松竹路三段,北屯區,yes,False,False,False,contains
2273307136,2273307130,259.985,49.99999999999999,2,2719,松竹路三段,北屯區,yes,False,False,False,contains
2273307136,2273307137,9.49,50.0,1,1360,榮德一路,北屯區,no,True,True,False,contains
2273307137,2273307136,9.49,50.0,1,1360,榮德一路,北屯區,no,True,True,False,contains
2273307137,2273307140,96.107,50.0,2,2719,松竹路三段,北屯區,yes,False,False,False,contains
2273307140,4973988371,9.739,50.0,1,1360,榮德二路,北屯區,no,True,True,False,contains
2273307140,8165006929,82.292,50.0,2,2719,松竹路三段,北屯區,yes,False,False,False,contains
2273307170,4423739215,140.46200000000002,50.00000000000001,2,2719,松竹路三段,北屯區,yes,False,False,False,contains
2273314773,2493550216,148.187,50.000000000000014,1,1360,崇德路一段,北區,yes,True,True,False,contains
2273314773,2494655168,714.1970000000001,50.00000000000001,1,1360,五義街,北區,no,True,True,False,contains
2273314773,8122997582,12.521,50.0,2,2719,錦中街,北區,no,False,True,False,contains
2273314779,378731550,10.217,50.0,1,1360,美德街,北區,no,True,True,False,contains
2273314779,2273314783,156.89,49.99999999999999,1,1360,崇德路一段,北區,yes,True,True,False,contains
2273314783,957911268,9.435,50.0,1,1360,健行路,北區,no,True,True,False,contains
2273314783,2384395911,135.91400000000002,50.00000000000001,1,1360,崇德路一段,北區,yes,True,True,False,contains
2273314786,957911268,136.245,50.00000000000001,1,1360,崇德路一段,北區,yes,True,True,False,contains
2273314786,2384395911,9.797,50.0,1,1360,梅亭街,北區,no,True,True,False,contains
2273314792,2273314786,143.317,50.0,1,1360,崇德路一段,北區,yes,True,True,False,contains
2273314792,2273314793,9.669,50.0,1,1360,德化街,北區,no,True,True,False,contains
2273314793,2273314792,9.669,50.0,1,1360,德化街,北區,no,True,True,False,contains
2273314793,2273314800,159.894,50.0,1,1360,崇德路一段,北區,yes,True,True,False,contains
2273314799,2273314792,159.44,50.0,1,1360,崇德路一段,北區,yes,True,True,False,contains
2273314799,2273314800,10.551,50.0,1,1360,進化北路,北區,yes,True,True,False,contains
2273314800,663692467,11.642,50.0,1,1360,崇德路一段,北區,yes,True,True,False,contains
2273314801,2273314799,11.532,50.0,1,1360,崇德路一段,北區,yes,True,True,False,contains
2273314804,2273314801,89.485,50.0,1,1360,崇德路一段,北區,yes,True,True,False,contains
2273314804,2273314805,9.903,50.0,2,2719,北興街,北區,no,False,True,False,contains
2273314804,2663073620,267.129,49.99999999999999,2,2719,北興街,北區,no,False,True,False,contains
2273314805,2273314804,9.903,50.0,2,2719,北興街,北區,no,False,True,False,contains
2273314805,5286997095,126.233,49.99999999999999,1,1360,崇德路一段,北區,yes,True,True,False,contains
2273314809,1019448936,30.719,50.0,1,1360,崇德路一段,北區,yes,True,True,False,contains
2273314810,2273314809,11.08,50.0,1,1360,太原路二段,北區,yes,True,True,False,contains
2273314810,5286997089,76.161,50.0,1,1360,崇德路一段,北區,yes,True,True,False,contains
2273314811,2273314809,76.14999999999999,49.99999999999999,1,1360,崇德路一段,北區,yes,True,True,False,contains
2273314811,5286997089,10.36,50.0,2,2719,崇興路二段,北區,no,False,True,False,contains
2273314821,3469369681,10.145,50.0,1,1360,青島路三段,北屯區,no,True,True,False,contains
2273314821,3728618198,117.266,50.00000000000001,1,1360,崇德路二段,北屯區,yes,True,True,False,contains
2273314824,2192305779,13.036,50.0,2,2719,北平路四段,北屯區,no,False,True,False,contains
2273314824,3728618197,71.812,50.0,1,1360,北平路三段,北屯區,no,True,True,False,contains
2273314824,3728618200,155.168,50.00000000000001,1,1360,崇德路二段,北屯區,yes,True,True,False,contains
2273314828,2273314832,16.152,50.00000000000001,1,1360,崇德路二段,北屯區,yes,True,True,False,contains
2273314828,3711540338,220.033,60.0,3,4079,文心路四段,北屯區,yes,False,False,False,contains
2273314829,2273314824,137.48200000000003,50.000000000000014,1,1360,崇德路二段,北屯區,yes,True,True,False,contains
2273314829,2273314828,10.351,50.0,3,4079,文心路四段,北屯區,yes,False,True,False,contains
2273314832,2273314833,10.417,60.0,3,4079,文心路四段,北屯區,yes,False,False,False,contains
2273314832,2273314835,126.677,49.99999999999999,2,2719,崇德路二段,北屯區,yes,False,True,False,contains
2273314833,2273314829,16.337,50.0,1,1360,崇德路二段,北屯區,yes,True,True,False,contains
2273314833,2479028792,200.013,50.0,3,4079,文心路四段,北屯區,yes,False,True,False,contains
2273314834,2273314833,56.651,50.0,2,2719,崇德路二段,北屯區,yes,False,True,False,contains
2273314835,2273314837,60.21,50.0,2,2719,崇德路二段,北屯區,yes,False,True,False,contains
2273314835,3711538610,9.702,50.0,2,2719,瀋陽路三段,北屯區,no,False,True,False,contains
2273314837,2273314838,71.982,50.0,2,2719,崇德路二段,北屯區,yes,False,True,False,contains
2273314838,3391179538,85.332,49.99999999999999,2,2719,崇德路二段,北屯區,yes,False,True,False,contains
2273314838,5040167704,10.496,50.0,2,2719,旅順路二段,北屯區,no,False,True,False,contains
2273314841,2273314842,11.189,50.0,2,2719,大連路二段,北屯區,no,False,True,False,contains
2273314841,2782665603,122.187,50.0,2,2719,崇德路二段,北屯區,yes,False,True,False,contains
2273314842,2273314841,11.189,50.0,2,2719,大連路二段,北屯區,no,False,True,False,contains
2273314842,5040167704,138.013,50.0,2,2719,崇德路二段,北屯區,yes,False,True,False,contains
2273314849,1632701029,11.977,50.0,1,1360,崇德五路,北屯區,no,True,True,False,contains
2273314849,2273314851,127.748,50.00000000000001,2,2719,崇德路二段,北屯區,yes,False,True,False,contains
2273314851,1696147057,11.797,50.0,1,1360,崇德六路,北屯區,no,True,True,False,contains
2283708860,2127364299,18.706,50.0,1,1360,太平路,北區,no,True,True,False,contains
2283708860,2494655168,193.864,49.99999999999999,1,1360,五義街,北區,no,True,True,False,contains
2284346549,703698051,113.759,49.99999999999999,2,2719,成功路,中區,yes,False,True,False,contains
2284346549,1270027354,105.987,50.00000000000001,2,2719,市府路,中區,yes,False,True,False,contains
2284346553,2284346549,107.122,50.00000000000001,2,2719,成功路,中區,yes,False,True,False,contains
2285774258,2285774260,13.358,50.0,1,1360,篤行路,北區,yes,True,True,False,contains
2285774258,2320046529,179.517,50.0,2,2719,五權路,北區,yes,False,True,False,contains
2285774260,380037311,110.555,50.0,2,2719,五權路,北區,yes,False,True,False,contains
2285774260,2285774271,103.705,50.0,1,1360,篤行路,西區,no,True,True,False,contains
2285774271,2285774260,103.705,50.0,1,1360,篤行路,西區,no,True,True,False,contains
2285774271,2319986975,89.781,50.0,1,1360,日興街,西區,no,True,True,False,contains
2285774271,2494655713,179.85399999999998,49.99999999999999,1,1360,日興街,西區,no,True,True,False,contains
2285774309,2285774310,38.454,50.0,1,1360,日進街,西區,no,True,True,False,contains
2285774309,3285467668,242.261,49.99999999999999,1,1360,日進街,西區,no,True,True,False,contains
2285774310,2285774309,38.454,50.0,1,1360,日進街,西區,no,True,True,False,contains
2285774310,2285774321,82.866,50.0,1,1360,梅川東路二段,西區,yes,True,True,False,contains
2285774320,2285774309,86.839,50.0,1,1360,梅川西路二段,西區,yes,True,True,False,contains
2285774320,2285774321,27.385,49.99999999999999,1,1360,文化街,北區,no,True,True,False,contains
2285774321,2285774320,27.385,49.99999999999999,1,1360,文化街,北區,no,True,True,False,contains
2285774321,2285774335,95.132,50.0,1,1360,梅川東路三段,北區,yes,True,True,False,contains
2285774334,2285774320,95.351,50.0,1,1360,梅川西路三段,北區,yes,True,True,False,contains
2285774334,2285774335,25.254,50.00000000000001,1,1360,中達街,北區,no,True,True,False,contains
2285774335,2285774334,25.254,50.00000000000001,1,1360,中達街,北區,no,True,True,False,contains
2285774335,2285774382,129.35,50.0,1,1360,梅川東路三段,北區,yes,True,True,False,contains
2285774370,2285774371,62.943,50.0,1,1360,文武街,北區,no,True,True,False,contains
2285774370,2285774454,203.866,50.0,1,1360,梅川東路三段,北區,yes,True,True,False,contains
2285774371,2285774370,62.943,50.0,1,1360,文武街,北區,no,True,True,False,contains
2285774371,2285774454,199.55399999999997,50.0,1,1360,英士路,北區,no,True,True,False,contains
2285774371,2494655713,333.432,50.0,1,1360,英士路,北區,no,True,True,False,contains
2285774382,2285774370,119.406,50.00000000000001,1,1360,梅川東路三段,北區,yes,True,True,False,contains
2285774382,5075349548,25.079,50.0,1,1360,篤行路,北區,no,True,True,False,contains
2285774450,1270027356,318.81500000000005,50.00000000000001,2,2719,英才路,北區,no,False,False,False,contains
2285774450,2285774469,59.756,50.0,1,1360,篤行路,北區,no,True,True,False,contains
2285774450,5075349548,171.64499999999998,49.99999999999999,1,1360,篤行路,北區,no,True,True,False,contains
2285774454,2285774371,199.55399999999997,50.0,1,1360,英士路,北區,no,True,True,False,contains
2285774454,2285774511,173.10500000000002,50.00000000000001,1,1360,梅川東路三段,北區,yes,True,True,False,contains
2285774469,2285774450,59.75599999999999,49.99999999999999,1,1360,篤行路,北區,no,True,True,False,contains
2285774469,4422881983,146.618,50.0,1,1360,篤行路335巷,北區,no,True,True,False,contains
2285774469,5643749594,107.504,50.0,1,1360,篤行路,北區,no,True,True,False,contains
2285774511,2285774550,117.876,50.0,1,1360,梅川東路三段,北區,no,True,True,False,contains
2285774550,768592761,11.675,50.0,1,1360,,北區,no,True,True,True,contains
2285774550,2285774511,117.876,50.0,1,1360,梅川東路三段,北區,no,True,True,False,contains
2285774575,2285774590,381.428,50.0,4,5439,西屯路一段,北區,no,False,True,False,contains
2285774576,263152100,213.271,50.0,1,1360,健行路,北區,no,True,True,False,contains
2285774576,2674338909,158.163,50.00000000000001,1,1360,健行路,北區,no,True,True,False,contains
2285774576,6341748165,83.709,50.0,1,1360,篤行路,北區,no,True,True,False,contains
2285774590,2285774575,381.428,50.0,4,5439,西屯路一段,北區,no,False,True,False,contains
2285774590,2641897031,11.884,50.0,1,1360,西屯路一段,北區,no,True,True,False,contains
2285774590,5645685000,221.065,50.00000000000001,2,2719,忠明路,北區,yes,False,True,False,contains
2285844894,413411792,10.229,50.0,1,1360,公益路,西區,no,True,True,False,contains
2285844894,1019449005,438.36400000000003,50.00000000000001,4,5439,公益路,西區,no,False,True,False,contains
2285844894,2179606707,187.023,60.0,1,1360,忠明南路,西區,yes,True,False,False,contains
2285844896,413411792,187.111,59.99999999999999,1,1360,忠明南路,西區,yes,True,False,False,contains
2285844896,2179606707,11.519,50.0,1,1360,忠誠街,西區,no,True,True,False,contains
2285844904,2285844905,10.959,50.0,1,1360,精誠七街,西區,yes,True,True,False,contains
2285844904,2285844908,162.941,59.99999999999999,1,1360,忠明南路,西區,yes,True,False,False,contains
2285844905,2285844896,189.414,50.0,2,2719,忠明南路,西區,yes,False,False,False,contains
2285844908,2285844909,11.134,50.0,1,1360,長春街,西區,no,True,True,False,contains
2285844908,2285844911,72.69,60.0,1,1360,忠明南路,西區,yes,True,False,False,contains
2285844909,2285844905,162.728,60.0,1,1360,忠明南路,西區,yes,True,False,False,contains
2285844909,2285844908,11.134,50.0,1,1360,長春街,西區,no,True,True,False,contains
2285844911,791401854,131.07,60.0,1,1360,忠明南路,西區,yes,True,False,False,contains
2285844911,2285844912,11.436,50.0,1,1360,明義街,西區,no,True,True,False,contains
2285844912,2285844909,73.396,60.0,1,1360,忠明南路,西區,yes,True,False,False,contains
2285844912,2285844911,11.436,50.0,1,1360,明義街,西區,no,True,True,False,contains
2285844923,380039432,8.483,50.0,1,1360,忠義街,西區,no,True,True,False,contains
2285844923,2674338890,160.573,50.00000000000001,1,1360,忠明路,西區,yes,True,True,False,contains
2285844933,380039432,165.27499999999998,50.0,1,1360,忠明路,西區,yes,True,True,False,contains
2285844933,2674338890,13.531,50.0,1,1360,華美西街一段,西區,no,True,True,False,contains
2285844975,343353860,15.407,60.00000000000001,2,2719,忠明路,北區,yes,False,False,False,contains
2285844975,2319977808,155.722,50.00000000000001,1,1360,忠太東路,北區,yes,True,True,False,contains
2285845030,2285845060,9.479,50.0,1,1360,梅川東路三段,北區,no,True,True,False,contains
2285845030,2493436033,162.084,50.0,1,1360,梅川東路三段,北區,no,True,True,False,contains
2285845060,2285845030,9.479,50.0,1,1360,梅川東路三段,北區,no,True,True,False,contains
2285845060,2408395758,224.078,49.99999999999999,1,1360,梅川東路三段,北區,no,True,True,False,contains
2285845060,2440634457,23.462,50.0,1,1360,進化北路,北區,yes,True,True,False,contains
2286334524,263152592,9.918,50.0,5,6799,林森路,西區,no,False,False,False,contains
2286334524,701938726,1448.9569999999999,50.0,4,5439,林森路,西區,no,False,False,False,contains
2286334524,2320046583,112.134,50.0,2,2719,五權路,西區,yes,False,True,False,contains
2286334583,5520565628,164.90799999999996,49.99999999999999,2,2719,英才路,西區,yes,False,False,False,contains
2286334586,343353882,59.507000000000005,50.00000000000001,4,5439,英才路,西區,no,False,False,False,contains
2286334586,2286334583,73.737,49.99999999999999,2,2719,英才路,西區,yes,False,False,False,contains
2286357575,703553377,1709.2060000000001,50.000000000000014,4,5439,民權路,西區,no,False,False,False,contains
2286357575,2320046585,112.819,50.0,2,2719,五權路,西區,yes,False,True,False,contains
2286357575,3001732569,10.029,50.0,6,8158,民權路,西區,no,False,False,False,contains
2286393459,1193938417,177.116,50.0,4,5439,大智北路,東區,no,False,True,False,contains
2310876549,768592721,32.802,50.0,1,1360,漢口路二段,西屯區,no,True,True,False,contains
2310876549,2310876556,43.16,50.0,4,5439,甘肅路一段,西屯區,no,False,True,False,contains
2310876549,2410079294,210.885,50.0,1,1360,漢口路二段,西屯區,no,True,True,False,contains
2310876554,2403314443,595.9180000000001,50.000000000000014,1,1360,西屯路二段208巷,西屯區,no,True,True,False,contains
2310876556,768592721,55.881,50.0,4,5439,西屯路二段,西屯區,no,False,True,False,contains
2310876556,2310876549,43.16,50.0,4,5439,甘肅路一段,西屯區,no,False,True,False,contains
2310876556,2409937110,323.222,50.0,4,5439,西屯路二段,西屯區,no,False,True,False,contains
2310876558,2320003264,60.231,59.99999999999999,3,4079,文心路三段,西屯區,yes,False,False,False,contains
2319962394,1019448903,33.182,50.0,2,2719,中清路一段,北區,yes,False,True,False,contains
2319962394,2319977889,162.102,50.0,1,1360,太原北路,北區,yes,True,True,False,contains
2319977808,343353868,23.577,50.0,1,1360,忠明七街,北區,no,True,True,False,contains
2319977808,2319977843,146.132,50.0,1,1360,忠太東路,北區,yes,True,True,False,contains
2319977843,2319977877,22.862,50.0,1,1360,忠明八街,北區,no,True,True,False,contains
2319977843,2641897013,210.199,50.00000000000001,1,1360,忠太東路,北區,yes,True,True,False,contains
2319977877,343353868,145.144,50.00000000000001,1,1360,忠太西路,北區,yes,True,True,False,contains
2319977877,2319977843,22.862,50.0,1,1360,忠明八街,北區,no,True,True,False,contains
2319977889,2641897013,27.039,50.0,1,1360,忠太西路,北區,no,True,True,False,contains
2319986975,380037311,107.54,50.0,1,1360,西屯路一段,西區,no,True,True,False,contains
2319986975,2285774271,89.781,50.0,1,1360,日興街,西區,no,True,True,False,contains
2319986975,2924917824,51.957,50.0,1,1360,日興街,西區,no,True,True,False,contains
2320003261,387741226,217.235,60.00000000000001,3,4079,文心路三段,西屯區,yes,False,False,False,contains
2320003261,2320003264,19.687,50.0,1,1360,四川路,西屯區,no,True,True,False,contains
2320003264,1210454966,67.585,60.0,3,4079,文心路三段,西屯區,yes,False,False,False,contains
2320003264,2320003261,19.687,50.0,1,1360,四川路,西屯區,no,True,True,False,contains
2320003290,2320003295,159.651,50.0,3,4079,環中路二段,西屯區,yes,False,True,False,contains
2320003295,2181526578,373.614,49.99999999999999,3,4079,環中路二段,西屯區,yes,False,True,False,contains
2320046529,2320046580,14.431,50.0,1,1360,英士路,北區,no,True,True,False,contains
2320046529,3502458873,153.087,49.99999999999999,2,2719,五權路,北區,yes,False,True,False,contains
2320046532,297717027,109.783,50.0,2,2719,五權路,西區,yes,False,True,False,contains
2320046532,2320046571,10.448,50.0,1,1360,中山路,西區,no,True,True,False,contains
2320046532,2555091628,103.979,50.000000000000014,1,1360,中山路,西區,no,True,True,False,contains
2320046536,2285844912,71.149,60.0,1,1360,忠明南路,西區,yes,True,False,False,contains
2320046553,2285774258,112.219,49.99999999999999,2,2719,五權路,北區,yes,False,True,False,contains
2320046571,2320046532,10.448,50.0,1,1360,中山路,西區,no,True,True,False,contains
2320046571,3001732574,55.177,50.0,2,2719,五權路,西區,yes,False,True,False,contains
2320046575,2320046578,109.773,49.99999999999999,2,2719,五權路,西區,yes,False,True,False,contains
2320046575,10276618508,9.829,50.0,1,1360,五權路22巷,西區,no,True,True,False,contains
2320046576,2320046575,110.55,50.000000000000014,2,2719,五權路,西區,yes,False,True,False,contains
2320046576,3323240005,10.224,50.0,1,1360,自立街,西區,no,True,True,False,contains
2320046578,1147069737,9.834,50.0,1,1360,民生路,西區,no,True,True,False,contains
2320046578,2286357575,223.811,49.99999999999999,2,2719,五權路,西區,yes,False,True,False,contains
2320046580,2285774260,181.439,50.0,2,2719,五權路,北區,yes,False,True,False,contains
2320046580,2320046529,14.431,50.0,1,1360,英士路,北區,no,True,True,False,contains
2320046580,2494655713,105.25,50.0,1,1360,英士路,北區,no,True,True,False,contains
2320046583,2320046576,109.916,50.0,2,2719,五權路,西區,yes,False,True,False,contains
2320046583,3323240001,10.124,50.0,1,1360,自治街,西區,no,True,True,False,contains
2320046585,297717027,9.893,50.0,1,1360,民族路,西區,yes,True,True,False,contains
2320046585,2320046571,108.652,49.99999999999999,2,2719,五權路,西區,yes,False,True,False,contains
2320066233,2494655168,377.90999999999997,49.99999999999999,1,1360,柳川西路四段,北區,yes,True,True,False,contains
2320066233,2663073620,1063.97,49.99999999999999,1,1360,永興街,北區,no,True,True,False,contains
2333043899,2333043900,13.301,50.00000000000001,1,1360,敦化路一段,北屯區,yes,True,True,False,contains
2333043899,5585663618,220.084,50.0,1,1360,中清路二段,北屯區,yes,True,True,False,contains
2333043900,4423817086,81.186,50.0,1,1360,敦化路一段,北屯區,yes,True,True,False,contains
2333043900,5844097587,7.977,50.0,1,1360,中清路二段,北屯區,yes,True,True,False,contains
2333043917,2333043899,8.07,50.0,1,1360,中清路二段,北屯區,yes,True,True,False,contains
2333043917,2403313834,62.228,50.00000000000001,1,1360,敦化路二段,北屯區,yes,True,True,False,contains
2333048257,2333048286,11.866,50.0,2,2719,松竹路三段,北屯區,yes,False,False,False,contains
2333048286,4974084682,240.413,50.00000000000001,2,2719,松竹路三段,北屯區,yes,False,False,False,contains
2333048286,8165007156,9.213,50.0,1,1360,山西路二段,北屯區,yes,True,True,False,contains
2333048291,2494659371,214.597,50.0,3,4079,文心路四段,北屯區,yes,False,True,False,contains
2333048291,3751531028,14.391,50.0,1,1360,山西路二段,北屯區,no,True,True,False,contains
2336845121,752671758,4279.506,49.97612138545829,1,1360,十甲東路,東區,no,True,True,False,contains
2336845121,2336845134,755.808,50.0,4,5439,軍功路一段,北屯區,no,False,True,False,contains
2336845121,2408395665,102.842,50.00000000000001,1,1360,太原路三段,北屯區,yes,True,True,False,contains
2336845134,1229056176,637.49,50.0,4,5439,軍功路一段,北屯區,no,False,True,False,contains
2336845134,1905096254,460.024,50.0,4,5439,軍福九路,北屯區,no,False,True,False,contains
2336845134,2336845121,755.808,50.0,4,5439,軍功路一段,北屯區,no,False,True,False,contains
2383675937,277967597,10.329,50.0,1,1360,后庄路,北屯區,no,True,True,False,contains
2383675994,2273307130,429.76300000000003,50.00000000000001,1,1360,四平路,北屯區,no,True,True,False,contains
2383675994,2501718186,188.634,50.0,1,1360,四平路,北屯區,no,True,True,False,contains
2383676012,2383676013,13.317,50.0,1,1360,四平路,北屯區,no,True,True,False,contains
2383676012,3198490526,102.818,50.00000000000001,1,1360,四平路,北屯區,no,True,True,False,contains
2383676013,2383676012,13.317,50.0,1,1360,四平路,北屯區,no,True,True,False,contains
2383676013,2409937454,92.894,49.99999999999999,1,1360,中清路二段,北屯區,yes,True,True,False,contains
2384395911,2273314786,9.797,50.0,1,1360,梅亭街,北區,no,True,True,False,contains
2384395911,2273314793,143.226,50.0,1,1360,崇德路一段,北區,yes,True,True,False,contains
2384398732,768592761,112.804,49.99999999999999,1,1360,梅川東路三段,北區,no,True,True,False,contains
2384398732,2384398734,136.0,50.00000000000001,1,1360,梅川東路三段,北區,no,True,True,False,contains
2384398732,2384398736,25.445,50.0,1,1360,健行路,北區,no,True,True,False,contains
2384398734,2384398732,136.0,50.00000000000001,1,1360,梅川東路三段,北區,no,True,True,False,contains
2384398734,2440634454,26.209,50.0,1,1360,梅亭街,北區,no,True,True,False,contains
2384398734,2493436033,142.99,50.0,1,1360,梅川東路三段,北區,no,True,True,False,contains
2384398736,768592719,36.941,50.0,1,1360,健行路,北區,no,True,True,False,contains
2384398736,2384398732,25.445,50.0,1,1360,健行路,北區,no,True,True,False,contains
2384398736,2440634454,135.638,50.00000000000001,1,1360,梅川西路三段,北區,no,True,True,False,contains
2384401272,2408395757,138.386,49.99999999999999,1,1360,太原路二段,北區,yes,True,True,False,contains
2384401272,2444011716,32.41,50.0,1,1360,山西路一段,北區,no,True,True,False,contains
2386180220,2386180264,58.620000000000005,50.00000000000001,4,5439,福星路,西屯區,no,False,True,False,contains
2386180264,1167824232,1496.54,50.0,1,1360,西安街,西屯區,no,True,True,False,contains
2386180264,2386180220,58.62,50.0,4,5439,福星路,西屯區,no,False,True,False,contains
2386180264,2599103060,968.289,50.00000000000001,4,5439,福星路,西屯區,no,False,True,False,contains
2386180264,4195127670,519.827,49.99999999999999,1,1360,西安街,西屯區,no,True,True,False,contains
2387142821,2387143000,245.854,50.0,4,5439,朝馬路,西屯區,no,False,True,False,contains
2387142821,3469090292,630.8180000000001,51.955100020781984,4,5439,安和路,西屯區,no,False,True,False,contains
2387142821,5813786238,529.374,53.8892091755279,4,5439,安和路,西屯區,no,False,True,False,contains
2387143000,2387142821,245.85399999999998,49.99999999999999,4,5439,朝馬路,西屯區,no,False,True,False,contains
2401099637,263151909,173.72099999999998,50.0,1,1360,中清路二段,西屯區,yes,True,True,False,contains
2401099637,2401099660,14.246,50.0,1,1360,黎明路三段,西屯區,no,True,True,False,contains
2401099660,2401099637,14.246,50.0,1,1360,黎明路三段,西屯區,no,True,True,False,contains
2401099660,2625569469,197.51800000000003,50.0,1,1360,中清路二段,西屯區,yes,True,True,False,contains
2401099660,3014256302,120.395,50.00000000000001,1,1360,黎明路三段,西屯區,no,True,False,False,contains
2403313802,2403314035,218.74,50.0,3,4079,文心路三段,西屯區,yes,False,True,False,contains
2403313834,2403314485,9.575,50.0,1,1360,中平路,北屯區,no,True,True,False,contains
2403313834,2640718961,198.316,50.00000000000001,1,1360,敦化路二段,北屯區,yes,True,True,False,contains
2403313853,2403314052,147.486,49.99999999999999,1,1360,甘河路,西屯區,no,True,True,False,contains
2403313853,2403314074,113.771,50.0,1,1360,甘河路,西屯區,no,True,True,False,contains
2403313853,2403314236,152.52999999999997,49.99999999999999,1,1360,大河街,西屯區,no,True,True,False,contains
2403313916,2403314310,20.137,50.0,1,1360,永輝路,西屯區,no,True,True,False,contains
2403313916,2403409709,127.648,49.99999999999999,3,4079,文心路三段,西屯區,yes,False,True,False,contains
2403313992,2409694866,82.245,50.0,1,1360,成都路,西屯區,no,True,True,False,contains
2403313992,3198439705,459.102,50.0,1,1360,長安路二段,西屯區,no,True,True,False,contains
2403313992,5819748698,154.127,50.00000000000001,1,1360,長安路二段,西屯區,no,True,True,False,contains
2403314029,2403313916,210.078,50.00000000000001,3,4079,文心路三段,西屯區,yes,False,True,False,contains
2403314029,2403314109,24.988,50.0,1,1360,甘肅路二段,西屯區,no,True,True,False,contains
2403314035,2403314470,18.552,50.0,1,1360,櫻花路,西屯區,no,True,True,False,contains
2403314035,3714873605,117.634,59.99999999999999,3,4079,文心路三段,西屯區,yes,False,False,False,contains
2403314052,2403313853,147.486,49.99999999999999,1,1360,甘河路,西屯區,no,True,True,False,contains
2403314052,5819883713,97.887,50.0,1,1360,甘河路,西屯區,no,True,True,False,contains
2403314074,2403313853,113.771,50.0,1,1360,甘河路,西屯區,no,True,True,False,contains
2403314074,2403314189,11.3,50.0,1,1360,甘河路,西屯區,no,True,True,False,contains
2403314088,2599103071,10.456,50.0,1,1360,甘肅路二段,西屯區,no,True,True,False,contains
2403314088,4778950403,963.893,50.0,1,1360,中科路,西屯區,no,True,True,False,contains
2403314088,7265639318,128.494,50.0,4,5439,河南路二段,西屯區,yes,False,True,False,contains
2403314109,2403313802,59.157,50.0,3,4079,文心路三段,西屯區,yes,False,True,False,contains
2403314109,2403314029,24.988,50.0,1,1360,甘肅路二段,西屯區,no,True,True,False,contains
2403314109,2403314601,91.637,50.0,1,1360,甘肅路二段,西屯區,no,True,True,False,contains
2403314155,2403314520,88.063,50.0,1,1360,甘河路,西屯區,no,True,True,False,contains
2403314155,5819883713,10.068,50.0,1,1360,甘河路,西屯區,no,True,True,False,contains
2403314189,2403314074,11.3,50.0,1,1360,甘河路,西屯區,no,True,True,False,contains
2403314189,2403314204,34.485,50.0,1,1360,河南路二段,西屯區,yes,True,True,False,contains
2403314204,2403314367,11.762,50.0,1,1360,河南路二段74巷,西屯區,no,True,True,False,contains
2403314204,4973988390,2039.1140000000003,50.00000000000001,1,1360,雷中街,西屯區,no,True,True,True,contains
2403314213,2403314378,222.08,49.99999999999999,1,1360,中平路,西屯區,no,True,True,False,contains
2403314213,2403314455,126.89900000000002,50.0,1,1360,中平路,西屯區,no,True,True,False,contains
2403314236,2403313853,152.52999999999997,49.99999999999999,1,1360,大河街,西屯區,no,True,True,False,contains
2403314310,2403313916,20.137,50.0,1,1360,永輝路,西屯區,no,True,True,False,contains
2403314310,2403314109,208.724,50.0,3,4079,文心路三段,西屯區,yes,False,True,False,contains
2403314310,2403314364,84.16499999999999,49.99999999999999,1,1360,永輝路,西屯區,no,True,True,False,contains
2403314354,2403314576,11.361,50.0,1,1360,長安路二段,西屯區,no,True,True,False,contains
2403314354,5819748698,168.88299999999998,50.0,1,1360,長安路二段,西屯區,no,True,True,False,contains
2403314364,2403314310,84.16499999999999,49.99999999999999,1,1360,永輝路,西屯區,no,True,True,False,contains
2403314364,2403314576,342.594,50.0,1,1360,長安路一段,西屯區,no,True,True,False,contains
2403314364,2403314601,194.337,50.0,1,1360,長安路一段,西屯區,no,True,True,False,contains
2403314367,2403314074,33.759,50.0,1,1360,河南路二段,西屯區,yes,True,True,False,contains
2403314367,2403314204,11.762,50.0,1,1360,河南路二段74巷,西屯區,no,True,True,False,contains
2403314378,2403314213,222.08,50.0,1,1360,中平路,西屯區,no,True,True,False,contains
2403314378,2403314421,11.217,50.0,1,1360,中平路,西屯區,no,True,True,False,contains
2403314421,2403314378,11.217,50.0,1,1360,中平路,西屯區,no,True,True,False,contains
2403314421,2625594539,147.96900000000002,50.00000000000001,1,1360,經貿七路,西屯區,yes,True,True,False,contains
2403314443,2310876554,595.9180000000001,50.000000000000014,1,1360,西屯路二段208巷,西屯區,no,True,True,False,contains
2403314443,2403314554,196.701,49.99999999999999,1,1360,長安路一段29巷,西屯區,yes,True,True,False,contains
2403314455,2403314213,126.89900000000002,50.0,1,1360,中平路,西屯區,no,True,True,False,contains
2403314455,3014256302,90.909,50.00000000000001,1,1360,中平路,西屯區,no,True,True,False,contains
2403314470,2403314029,272.397,50.0,3,4079,文心路三段,西屯區,yes,False,True,False,contains
2403314470,2403314035,18.552,50.0,1,1360,櫻花路,西屯區,no,True,True,False,contains
2403314485,2333043899,62.12,50.0,1,1360,敦化路二段,北屯區,yes,True,True,False,contains
2403314485,2403313834,9.575,50.0,1,1360,中平路,北屯區,no,True,True,False,contains
2403314520,2403314155,88.063,50.0,1,1360,甘河路,西屯區,no,True,True,False,contains
2403314520,2599103071,241.855,49.99999999999999,4,5439,甘肅路二段,西屯區,no,False,True,False,contains
2403314554,2403314601,228.826,50.00000000000001,1,1360,長安路一段,西屯區,no,True,True,False,contains
2403314559,5585663618,59.342,49.99999999999999,1,1360,中平路509巷,北屯區,no,True,True,False,contains
2403314576,1264707103,82.89399999999999,49.99999999999999,1,1360,河南路二段,西屯區,yes,True,True,False,contains
2403314576,2403314354,11.361,50.0,1,1360,長安路二段,西屯區,no,True,True,False,contains
2403314576,2403314364,342.594,50.0,1,1360,長安路一段,西屯區,no,True,True,False,contains
2403314601,2403314109,91.637,50.0,1,1360,甘肅路二段,西屯區,no,True,True,False,contains
2403314601,2403314364,194.337,50.0,1,1360,長安路一段,西屯區,no,True,True,False,contains
2403314601,2403314554,228.826,50.00000000000001,1,1360,長安路一段,西屯區,no,True,True,False,contains
2403409706,2403314310,129.376,50.0,3,4079,文心路三段,西屯區,yes,False,True,False,contains
2403409706,2403409709,22.053,50.0,1,1360,寧夏路,西屯區,no,True,True,False,contains
2403409709,387741401,223.309,49.99999999999999,3,4079,文心路三段,西屯區,yes,False,True,False,contains
2403409709,2403409706,22.053,50.0,1,1360,寧夏路,西屯區,no,True,True,False,contains
2403409709,2410079294,691.8159999999999,49.99999999999999,4,5439,寧夏路,西屯區,no,False,False,False,contains
2406512851,1019449044,314.72,50.00000000000001,2,2719,五權西路二段,南屯區,yes,False,False,False,contains
2406512851,1263333950,13.15,60.0,3,4079,文心路一段,南屯區,yes,False,False,False,contains
2406512866,2406512869,126.819,49.99999999999999,1,1360,五權西路一段,西區,yes,True,False,False,contains
2406512866,5262395272,10.01,50.0,1,1360,五權西四街,西區,no,True,True,False,contains
2406512869,2406512871,30.492,50.0,1,1360,五權西路一段,西區,yes,True,False,False,contains
2406512869,2406512880,9.296,50.00000000000001,1,1360,五權西二街,西區,no,True,True,False,contains
2406512871,2406512881,8.84,50.0,1,1360,五權西一街,西區,no,True,True,False,contains
2406512871,13190493451,155.165,50.0,1,1360,五權西路一段,西區,yes,True,False,False,contains
2406512880,2406512869,9.296,50.00000000000001,1,1360,五權西二街,西區,no,True,True,False,contains
2406512880,5262395272,126.67,50.0,1,1360,五權西路一段,西區,yes,True,False,False,contains
2406512881,2406512871,8.84,50.0,1,1360,五權西一街,西區,no,True,True,False,contains
2406512881,2406512880,30.383,50.0,1,1360,五權西路一段,西區,yes,True,False,False,contains
2408395665,3212781967,763.75,49.99999999999999,1,1360,景和街,北屯區,no,True,True,False,contains
2408395757,2408395758,28.585,50.0,1,1360,太原路二段,北區,yes,True,True,False,contains
2408395757,2408395776,31.166,50.0,1,1360,梅川西路三段,北區,no,True,True,False,contains
2408395757,2440634457,219.54,50.0,1,1360,梅川西路三段,北區,no,True,True,False,contains
2408395758,2285845060,224.07800000000003,50.00000000000001,1,1360,梅川東路三段,北區,no,True,True,False,contains
2408395758,2440634532,29.918,50.0,1,1360,梅川東路三段,北區,no,True,True,False,contains
2408395759,2319962394,15.361,50.0,1,1360,太原北路,北區,yes,True,True,False,contains
2408395759,3698691327,210.014,50.0,2,2719,中清路一段,北區,yes,False,True,False,contains
2408395776,2408395757,31.166,50.0,1,1360,梅川西路三段,北區,no,True,True,False,contains
2408395776,2444007391,26.654,50.0,1,1360,太原路二段,北區,yes,True,True,False,contains
2409694866,2403313992,82.245,49.99999999999999,1,1360,成都路,西屯區,no,True,True,False,contains
2409694866,2409695100,22.774,50.0,1,1360,成都路,西屯區,no,True,True,False,contains
2409694866,5819748699,149.335,50.00000000000001,3,4079,文心路三段,西屯區,yes,False,True,False,contains
2409695100,2409694866,22.774,50.0,1,1360,成都路,西屯區,no,True,True,False,contains
2409695100,2409937271,292.706,49.99999999999999,3,4079,文心路三段,西屯區,yes,False,True,False,contains
2409936985,2409937063,42.843,50.0,1,1360,華美西街二段,北屯區,no,True,True,False,contains
2409936985,2409937179,98.877,49.99999999999999,1,1360,文心路三段433巷,北屯區,yes,True,True,False,contains
2409936985,3523162342,46.967,50.0,1,1360,華美西街二段,北屯區,no,True,True,False,contains
2409937025,2383676012,88.701,50.0,1,1360,中清路二段,北屯區,yes,True,True,False,contains
2409937025,2409937454,15.157,50.0,1,1360,華美西街二段,北屯區,no,True,True,False,contains
2409937025,3999501198,126.932,50.0,1,1360,水湳路,北屯區,yes,True,True,False,contains
2409937063,2409936985,42.843,50.0,1,1360,華美西街二段,北屯區,no,True,True,False,contains
2409937063,2493534439,11.189,50.0,1,1360,華美西街二段,北屯區,no,True,True,False,contains
2409937063,3198439733,128.685,50.0,1,1360,文心路三段445巷,北屯區,no,True,True,False,contains
2409937096,768592762,12.4,50.0,1,1360,天津路二段,北區,no,True,True,False,contains
2409937110,2310876556,323.222,50.0,4,5439,西屯路二段,西屯區,no,False,True,False,contains
2409937110,2641897031,112.527,50.0,4,5439,西屯路一段,北區,no,False,True,False,contains
2409937110,2674338887,195.86500000000004,50.0,1,1360,華美街二段,北區,no,True,True,False,contains
2409937179,2409937359,20.076,50.0,1,1360,陝西路,北區,no,True,True,False,contains
2409937179,3523162343,33.106,50.0,3,4079,文心路三段,北屯區,yes,False,True,False,contains
2409937238,2409694866,308.75700000000006,50.000000000000014,3,4079,文心路三段,西屯區,yes,False,True,False,contains
2409937238,2409937271,24.692,50.0,1,1360,華美西街二段,西屯區,no,True,True,False,contains
2409937238,3523162342,88.233,50.0,1,1360,華美西街二段,北屯區,no,True,True,False,contains
2409937271,2409937238,24.692,50.0,1,1360,華美西街二段,西屯區,no,True,True,False,contains
2409937271,2409937359,125.032,50.0,3,4079,文心路三段,北區,yes,False,True,False,contains
2409937271,2409937389,711.6779999999999,49.99999999999999,1,1360,華美西街二段,西屯區,no,True,True,False,contains
2409937282,2409937454,163.29,50.0,1,1360,華美西街二段,北屯區,no,True,True,False,contains
2409937282,2493534439,132.922,50.00000000000001,1,1360,華美西街二段,北屯區,no,True,True,False,contains
2409937282,3198439705,146.581,49.99999999999999,1,1360,華美西街二段,西屯區,no,True,True,False,contains
2409937359,387741404,324.296,50.00000000000001,3,4079,文心路三段,北區,yes,False,True,False,contains
2409937359,2409937179,20.076,50.0,1,1360,陝西路,北區,no,True,True,False,contains
2409937389,2409937271,711.6780000000001,50.0,1,1360,華美西街二段,西屯區,no,True,True,False,contains
2409937389,2410079294,362.594,49.99999999999999,1,1360,漢口路二段,西屯區,no,True,True,False,contains
2409937389,3698691325,798.017,50.0,1,1360,漢口路三段,北區,no,True,True,False,contains
2409937454,2409937025,15.157,50.0,1,1360,華美西街二段,北屯區,no,True,True,False,contains
2409937454,2409937282,163.29,50.0,1,1360,華美西街二段,北屯區,no,True,True,False,contains
2409937539,2409937096,177.025,50.0,2,2719,中清路一段,北區,yes,False,True,False,contains
2409937539,2440639576,11.674,50.0,1,1360,北平路二段,北區,no,True,True,False,contains
2410079294,2310876549,210.885,50.0,1,1360,漢口路二段,西屯區,no,True,True,False,contains
2410079294,2403409709,691.816,50.0,4,5439,寧夏路,西屯區,no,False,False,False,contains
2410079294,2409937389,362.594,49.99999999999999,1,1360,漢口路二段,西屯區,no,True,True,False,contains
2414186999,2599103072,10.445,50.0,1,1360,福上巷龍欣一弄,西屯區,no,True,True,False,contains
2414186999,3914035517,17.233,50.0,4,5439,河南路二段,西屯區,yes,False,True,False,contains
2440630866,369669481,10.655,50.0,1,1360,昌平路二段,北屯區,no,True,True,False,contains
2440630866,5374105972,115.587,49.99999999999999,2,2719,松竹路二段,北屯區,yes,False,False,False,contains
2440630883,1264707095,335.796,59.99999999999999,3,4079,文心路四段,北屯區,yes,False,False,False,contains
2440630883,2440630887,13.746,50.0,1,1360,興安路一段,北屯區,no,True,True,False,contains
2440630887,1264707098,364.11899999999997,60.0,3,4079,文心路四段,北屯區,yes,False,False,False,contains
2440630887,2440630883,13.746,50.0,1,1360,興安路一段,北屯區,no,True,True,False,contains
2440630893,2192293380,16.128,50.0,1,1360,綏遠路一段,北屯區,no,True,True,False,contains
2440630893,2440634509,207.275,50.0,3,4079,文心路四段,北屯區,yes,False,True,False,contains
2440634454,2384398734,26.209,50.0,1,1360,梅亭街,北區,no,True,True,False,contains
2440634454,2384398736,135.638,50.00000000000001,1,1360,梅川西路三段,北區,no,True,True,False,contains
2440634454,2493436036,143.145,50.0,1,1360,梅川西路三段,北區,no,True,True,False,contains
2440634456,2285845030,24.308,50.0,1,1360,進化北路,北區,yes,True,True,False,contains
2440634456,2440634457,9.945,50.0,1,1360,梅川西路三段,北區,no,True,True,False,contains
2440634456,2493436036,162.286,50.00000000000001,1,1360,梅川西路三段,北區,no,True,True,False,contains
2440634457,2408395757,219.54,49.99999999999999,1,1360,梅川西路三段,北區,no,True,True,False,contains
2440634457,2440634456,9.945,50.0,1,1360,梅川西路三段,北區,no,True,True,False,contains
2440634484,2440634510,27.488,50.0,3,4079,文心路四段,北區,yes,False,True,False,contains
2440634485,2333048291,335.165,50.00000000000001,3,4079,文心路四段,北屯區,yes,False,True,False,contains
2440634485,2440634484,19.951,50.0,1,1360,梅川西路四段,北區,yes,True,True,False,contains
2440634509,2440634485,27.727,50.0,3,4079,文心路四段,北屯區,yes,False,True,False,contains
2440634510,2192293380,206.921,50.0,3,4079,文心路四段,北屯區,yes,False,True,False,contains
2440634510,2440634509,19.389,50.0,1,1360,梅川東路四段,北屯區,yes,True,True,False,contains
2440634513,2440634510,95.098,50.0,1,1360,梅川東路四段,北屯區,yes,True,True,False,contains
2440634513,2501749574,104.842,49.99999999999999,2,2719,文昌二街,北屯區,no,False,True,False,contains
2440634514,2440634513,85.15299999999999,49.99999999999999,1,1360,梅川東路四段,北屯區,yes,True,True,False,contains
2440634514,2440639576,757.1379999999999,49.99999999999999,1,1360,北平路二段,北區,no,True,True,False,contains
2440634514,2501749575,112.794,50.0,1,1360,北平路三段,北屯區,no,True,True,False,contains
2440634532,2408395758,29.918,50.0,1,1360,梅川東路三段,北區,no,True,True,False,contains
2440634532,2408395776,30.195,50.0,1,1360,太原路二段,北區,yes,True,True,False,contains
2440634532,2444006928,114.02,49.99999999999999,1,1360,梅川東路三段,北區,yes,True,True,False,contains
2440639545,2440639546,102.276,50.0,1,1360,北平路三段,北屯區,no,True,True,False,contains
2440639545,2501749582,71.777,50.00000000000001,1,1360,河北路二段,北屯區,no,True,True,False,contains
2440639545,3728618197,122.989,49.99999999999999,1,1360,北平路三段,北屯區,no,True,True,False,contains
2440639546,2440639545,102.276,50.0,1,1360,北平路三段,北屯區,no,True,True,False,contains
2440639546,2440639547,86.38499999999999,49.99999999999999,1,1360,北平路三段,北屯區,no,True,True,False,contains
2440639546,3353721801,76.91300000000001,50.0,1,1360,文昌東四街,北屯區,no,True,True,False,contains
2440639547,2440639546,86.38499999999999,49.99999999999999,1,1360,北平路三段,北屯區,no,True,True,False,contains
2440639547,2501749575,108.666,50.00000000000001,1,1360,北平路三段,北屯區,no,True,True,False,contains
2440639547,2501749581,80.024,50.0,1,1360,綏遠路一段,北屯區,no,True,True,False,contains
2440639576,2409937539,11.674,50.0,1,1360,北平路二段,北區,no,True,True,False,contains
2440639576,2440634514,757.1379999999999,49.99999999999999,1,1360,北平路二段,北區,no,True,True,False,contains
2444004934,2408395776,44.989,49.99999999999999,1,1360,梅川西路三段,北區,yes,True,True,False,contains
2444004934,2444007391,66.226,49.99999999999999,1,1360,梅川西路三段,北區,no,True,True,False,contains
2444006928,3469522840,97.81000000000002,50.00000000000001,1,1360,梅川東路三段,北區,yes,True,True,False,contains
2444006928,5856155293,33.091,50.00000000000001,1,1360,5-018,北區,no,True,True,True,contains
2444007391,2444004934,66.226,49.99999999999999,1,1360,梅川西路三段,北區,no,True,True,False,contains
2444007391,2444011716,134.702,50.00000000000001,1,1360,太原路二段,北區,yes,True,True,False,contains
2444011716,2384401272,32.41,50.0,1,1360,山西路一段,北區,no,True,True,False,contains
2444011716,2408395759,156.532,50.0,1,1360,太原路二段,北區,yes,True,True,False,contains
2451467899,2494659371,27.047,50.0,1,1360,麻園東街,北屯區,yes,True,True,False,contains
2451467899,3751531028,230.964,49.99999999999999,3,4079,文心路四段,北區,yes,False,True,False,contains
2479028778,2663073649,66.784,50.00000000000001,1,1360,青島路三段,北區,no,True,True,False,contains
2479028778,3728618946,414.555,50.0,1,1360,青島路三段,北屯區,no,True,True,False,contains
2479028778,5856357406,380.58299999999997,49.99999999999999,1,1360,永興街,北區,no,True,True,False,contains
2479028788,2273314829,199.468,50.00000000000001,3,4079,文心路四段,北屯區,yes,False,True,False,contains
2479028788,2479028792,18.21,50.0,1,1360,河北路二段,北屯區,no,True,True,False,contains
2479028788,2501749582,68.137,50.00000000000001,1,1360,河北路二段,北屯區,no,True,True,False,contains
2479028792,2440630893,184.228,50.00000000000001,3,4079,文心路四段,北屯區,yes,False,True,False,contains
2479028792,2479028788,18.21,50.0,1,1360,河北路二段,北屯區,no,True,True,False,contains
2479028881,2501718187,380.868,50.0,1,1360,水湳路,北屯區,yes,True,True,False,contains
2479028881,3027389429,102.639,50.0,1,1360,大連北街,北屯區,no,True,True,False,contains
2479028923,1632701037,72.595,50.0,1,1360,崇德六路,北屯區,no,True,True,False,contains
2479028923,2479028937,75.51400000000001,50.000000000000014,1,1360,松竹北二街,北屯區,no,True,True,False,contains
2479028934,2273307100,72.387,50.0,1,1360,河北路三段,北屯區,no,True,True,False,contains
2479028934,2479028937,125.459,50.00000000000001,1,1360,河北三街,北屯區,no,True,True,False,contains
2479028937,2273307102,76.157,50.0,1,1360,松竹北二街,北屯區,no,True,True,False,contains
2479028937,2479028923,75.514,50.0,1,1360,松竹北二街,北屯區,no,True,True,False,contains
2479028937,2479028934,125.459,50.00000000000001,1,1360,河北三街,北屯區,no,True,True,False,contains
2479028988,3324711840,126.537,49.99999999999999,2,2719,松竹路二段,北屯區,yes,False,False,False,contains
2479028988,3390619401,10.235,50.0,1,1360,松安街,北屯區,no,True,True,False,contains
2479029001,2273306462,115.8,50.0,2,2719,松竹路二段,北屯區,yes,False,False,False,contains
2479029001,2479029003,9.998,50.0,1,1360,興安路二段,北屯區,no,True,True,False,contains
2479029003,2479029001,9.998,50.0,1,1360,興安路二段,北屯區,no,True,True,False,contains
2479029003,3388981057,188.029,50.0,2,2719,松竹路二段,北屯區,yes,False,False,False,contains
2479029015,4973988391,656.08,50.000000000000014,1,1360,陳平路,北屯區,no,True,True,False,contains
2479029015,5585663618,15.566,49.99999999999999,1,1360,陳平路,北屯區,no,True,True,False,contains
2479029028,2625594600,10.62,50.0,1,1360,敦化路二段,北屯區,yes,True,True,False,contains
2479029031,2479029028,8.075,50.0,1,1360,經貿路一段,北屯區,yes,True,True,False,contains
2479029031,4778950362,108.071,50.00000000000001,1,1360,敦化路二段,西屯區,yes,True,True,False,contains
2479029151,2501436840,197.866,50.0,1,1360,敦化路一段,北屯區,yes,True,True,False,contains
2479029151,3914035519,7.001,50.0,1,1360,后庄七街,北屯區,no,True,True,False,contains
2479029261,1634084655,180.21699999999998,50.0,1,1360,后庄北路,北屯區,no,True,True,False,contains
2479029261,1634084657,226.55,50.00000000000001,1,1360,后庄北路,北屯區,no,True,True,False,contains
2479029261,2632076620,188.573,50.00000000000001,1,1360,后庄三街,北屯區,no,True,True,False,contains
2493436033,2285845030,162.084,49.99999999999999,1,1360,梅川東路三段,北區,no,True,True,False,contains
2493436033,2384398734,142.99,50.00000000000001,1,1360,梅川東路三段,北區,no,True,True,False,contains
2493436033,2493436036,23.115,50.0,1,1360,德化街,北區,no,True,True,False,contains
2493436036,2440634454,143.145,50.0,1,1360,梅川西路三段,北區,no,True,True,False,contains
2493436036,2440634456,162.286,50.00000000000001,1,1360,梅川西路三段,北區,no,True,True,False,contains
2493436036,2493436033,23.115,50.0,1,1360,德化街,北區,no,True,True,False,contains
2493436036,2674338909,691.1690000000001,50.00000000000001,1,1360,德化街,北區,no,True,True,False,contains
2493534439,2409937063,11.189,50.0,1,1360,華美西街二段,北屯區,no,True,True,False,contains
2493534439,2409937282,132.922,50.00000000000001,1,1360,華美西街二段,北屯區,no,True,True,False,contains
2493534439,3198439705,53.264,50.0,1,1360,中清西二街,西屯區,no,True,True,False,contains
2493550214,2320046580,154.132,50.00000000000001,2,2719,五權路,北區,yes,False,True,False,contains
2493550214,3502458873,16.033,50.00000000000001,1,1360,公園路,北區,yes,True,True,False,contains
2493550216,3190269880,11.16,50.0,1,1360,,北區,yes,True,True,True,contains
2493550221,13336612219,19.073999999999998,50.0,1,1360,錦南街,北區,yes,True,True,False,contains
2494655168,2273314773,714.1969999999999,49.999999999999986,1,1360,五義街,北區,no,True,True,False,contains
2494655168,2283708860,193.864,49.99999999999999,1,1360,五義街,北區,no,True,True,False,contains
2494655709,2493550214,98.871,50.00000000000001,2,2719,中清路一段,北區,yes,False,True,False,contains
2494655709,2494655713,240.851,50.00000000000001,1,1360,日興街,北區,no,True,True,False,contains
2494655713,2285774271,179.85399999999998,49.99999999999999,1,1360,日興街,西區,no,True,True,False,contains
2494655713,2285774371,333.432,50.0,1,1360,英士路,北區,no,True,True,False,contains
2494655713,2320046580,105.25,50.0,1,1360,英士路,北區,no,True,True,False,contains
2494655713,2494655709,240.851,50.00000000000001,1,1360,日興街,北區,no,True,True,False,contains
2494657652,2833196323,41.701,50.0,2,2719,中清路一段,北區,yes,False,True,False,contains
2494659371,2494659382,30.557,49.99999999999999,3,4079,文心路四段,北屯區,yes,False,True,False,contains
2494659382,1264707090,243.858,50.0,3,4079,文心路四段,北屯區,yes,False,True,False,contains
2494659382,2451467899,27.285,50.00000000000001,1,1360,麻園西街,北屯區,yes,True,True,False,contains
2501436839,2501436840,6.441,50.0,1,1360,陳平一街,北屯區,no,True,True,False,contains
2501436839,3914035519,200.566,49.99999999999999,1,1360,敦化路一段,北屯區,yes,True,True,False,contains
2501436840,2501436839,6.441,50.0,1,1360,陳平一街,北屯區,no,True,True,False,contains
2501436840,3339149494,144.23899999999998,50.0,1,1360,敦化路一段,北屯區,yes,True,True,False,contains
2501718186,2383675994,188.634,50.0,1,1360,四平路,北屯區,no,True,True,False,contains
2501718186,2501718187,61.647,50.0,1,1360,水湳路121巷,北屯區,no,True,True,False,contains
2501718186,3027389429,413.11,50.0,1,1360,四平路,北屯區,no,True,True,False,contains
2501718187,2383675994,182.813,50.0,1,1360,水湳路,北屯區,yes,True,True,False,contains
2501718187,2501718186,61.647,50.0,1,1360,水湳路121巷,北屯區,no,True,True,False,contains
2501749574,2440634513,104.842,49.99999999999999,2,2719,文昌二街,北屯區,no,False,True,False,contains
2501749574,2501749575,81.605,50.00000000000001,1,1360,文昌東三街,北屯區,no,True,True,False,contains
2501749574,2501749581,105.297,50.0,2,2719,文昌二街,北屯區,no,False,True,False,contains
2501749575,2440634514,112.794,50.0,1,1360,北平路三段,北屯區,no,True,True,False,contains
2501749575,2440639547,108.666,50.0,1,1360,北平路三段,北屯區,no,True,True,False,contains
2501749575,2501749574,81.60499999999999,50.0,1,1360,文昌東三街,北屯區,no,True,True,False,contains
2501749581,2192293380,77.896,50.00000000000001,1,1360,綏遠路一段,北屯區,no,True,True,False,contains
2501749581,2440639547,80.024,50.0,1,1360,綏遠路一段,北屯區,no,True,True,False,contains
2501749581,2501749574,105.297,50.0,2,2719,文昌二街,北屯區,no,False,True,False,contains
2501749581,3353721801,86.813,50.0,2,2719,文昌二街,北屯區,no,False,True,False,contains
2501749582,2440639545,71.77699999999999,50.0,1,1360,河北路二段,北屯區,no,True,True,False,contains
2501749582,2479028788,68.137,50.0,1,1360,河北路二段,北屯區,no,True,True,False,contains
2501749582,3353721801,99.262,50.0,2,2719,文昌二街,北屯區,no,False,True,False,contains
2501749582,3728618197,202.893,40.32989895643532,2,2719,文昌二街,北屯區,no,False,True,False,contains
2520647461,2524042400,83.29,50.00000000000001,2,2719,公益路二段,南屯區,yes,False,False,False,contains
2520647461,2657775897,177.09,50.0,1,1360,大進街,南屯區,no,True,True,False,contains
2522796594,2597789619,9.809,50.0,1,1360,大英街,南屯區,no,True,True,False,contains
2522796594,2597789665,97.659,50.0,1,1360,公益路二段,南屯區,yes,True,True,False,contains
2522798457,1263334032,15.4,60.00000000000001,3,4079,文心路一段,南屯區,yes,False,False,False,contains
2522798457,5536966028,25.343,50.0,1,1360,大墩六街,南屯區,no,True,True,False,contains
2524042400,2657775897,93.638,50.0,1,1360,大昌街,南屯區,no,True,True,False,contains
2524042400,2659007865,80.882,50.0,2,2719,公益路二段,南屯區,yes,False,False,False,contains
2555091628,2222553767,107.727,50.00000000000001,1,1360,均安街,西區,no,True,True,False,contains
2555091628,2320046532,103.979,50.0,1,1360,中山路,西區,no,True,True,False,contains
2569380234,3027389559,96.728,50.0,2,2719,崇德路二段,北屯區,yes,False,True,False,contains
2569380234,4014688881,10.447,50.0,2,2719,崇德二路二段,北屯區,no,False,True,False,contains
2569917262,2599103060,10.635,50.0,4,5439,福星路,西屯區,no,False,True,False,contains
2569917262,2599103062,132.507,50.0,4,5439,河南路二段,西屯區,yes,False,True,False,contains
2569917262,3471556247,289.299,49.99999999999999,4,5439,福星路,西屯區,no,False,True,False,contains
2569917284,791017493,168.886,50.0,4,5439,河南路二段,西屯區,yes,False,True,False,contains
2569917284,2569917286,9.609,50.0,2,2719,青海路二段,西屯區,yes,False,True,False,contains
2569917286,2599103050,10.924,50.0,4,5439,河南路二段,西屯區,yes,False,True,False,contains
2597737511,1234819189,13.412,60.0,3,4079,文心路二段,西屯區,yes,False,False,False,contains
2597737523,1166242282,13.003,50.0,4,5439,市政路,西屯區,yes,False,True,False,contains
2597737524,2597737523,16.94,50.0,1,1360,河南路四段,西屯區,yes,True,True,False,contains
2597739054,3010403340,80.35,60.0,3,4079,文心路二段,西屯區,yes,False,False,False,contains
2597739054,5645881375,22.656,50.0,1,1360,市政路,南屯區,yes,True,True,False,contains
2597739061,2852195871,11.943,60.0,3,4079,文心路二段,西屯區,yes,False,False,False,contains
2597739077,1234819340,159.178,50.0,4,5439,惠中路一段,西屯區,yes,False,True,False,contains
2597739077,2597739079,16.69,50.0,1,1360,市政路,西屯區,yes,True,True,False,contains
2597739079,1208283478,319.817,50.00000000000001,1,1360,市政路,西屯區,yes,True,True,False,contains
2597739079,1208283527,12.288,50.0,3,4079,惠中路一段,西屯區,yes,False,True,False,contains
2597767457,1234819198,204.614,59.17735796670562,4,5439,惠中路一段,西屯區,yes,False,True,False,contains
2597767457,2597767460,16.304,40.0,2,2719,市政北七路,西屯區,yes,False,False,False,contains
2597767458,1234819279,187.544,60.0,3,4079,惠中路一段,西屯區,yes,False,False,False,contains
2597767458,2597767457,15.325,50.0,2,2719,市政北七路,西屯區,yes,False,True,False,contains
2597767460,1234819346,313.118,40.0,2,2719,市政北七路,西屯區,yes,False,False,False,contains
2597767460,2597767458,10.28,60.00000000000001,3,4079,惠中路一段,西屯區,yes,False,False,False,contains
2597784460,1208293900,226.34199999999998,59.99999999999999,3,4079,文心路一段,南屯區,yes,False,False,False,contains
2597784460,5536966026,22.546,50.0,1,1360,向上路一段,南屯區,no,True,True,False,contains
2597784475,2655942495,101.997,50.0,1,1360,公益路二段,南屯區,yes,True,True,False,contains
2597789616,2597789619,96.517,50.0,1,1360,公益路二段,南屯區,yes,True,False,False,contains
2597789616,2597789665,11.32,50.0,1,1360,大光街,南屯區,no,True,True,False,contains
2597789619,2522796594,9.809,50.0,1,1360,大英街,南屯區,no,True,True,False,contains
2597789619,2597789626,107.567,50.0,1,1360,公益路二段,南屯區,yes,True,False,False,contains
2597789626,413411798,10.508,50.0,1,1360,大墩路,南屯區,no,True,True,False,contains
2597789626,1019448906,1184.0079999999998,49.99999999999999,4,5439,大墩路,南屯區,no,False,True,False,contains
2597789626,3751506383,83.463,50.0,1,1360,公益路二段,南屯區,yes,True,False,False,contains
2597789635,413411794,127.118,50.0,1,1360,公益路,西區,yes,True,True,False,contains
2597789635,2657775918,93.126,50.0,1,1360,大同街,西區,no,True,True,False,contains
2597789635,3955356783,11.681,50.0,1,1360,公益路,西區,no,True,True,False,contains
2597789665,753036500,95.186,50.0,1,1360,公益路二段,南屯區,yes,True,True,False,contains
2597789665,2597789616,11.32,50.0,1,1360,大光街,南屯區,no,True,True,False,contains
2599103047,1167824081,145.635,50.0,4,5439,河南路二段,西屯區,yes,False,True,False,contains
2599103047,1210455262,10.485,50.0,1,1360,智惠街,西屯區,no,True,True,False,contains
2599103050,378722823,10.547,50.0,2,2719,青海路二段,西屯區,yes,False,True,False,contains
2599103050,2599103047,133.504,50.00000000000001,4,5439,河南路二段,西屯區,yes,False,True,False,contains
2599103054,791017493,9.76,50.0,2,2719,西屯路二段,西屯區,no,False,True,False,contains
2599103054,2569917286,171.61399999999998,49.99999999999999,4,5439,河南路二段,西屯區,yes,False,True,False,contains
2599103059,1210454810,12.323,50.0,1,1360,河南路二段301巷,西屯區,no,True,True,False,contains
2599103059,2599103054,169.16500000000002,50.0,4,5439,河南路二段,西屯區,yes,False,True,False,contains
2599103060,2386180264,968.289,50.0,4,5439,福星路,西屯區,no,False,True,False,contains
2599103060,2569917262,10.635,50.0,4,5439,福星路,西屯區,no,False,True,False,contains
2599103060,2599103059,137.53,50.0,4,5439,河南路二段,西屯區,yes,False,True,False,contains
2599103062,1210454773,16.04,50.0,1,1360,福上巷,西屯區,no,True,True,False,contains
2599103062,2599103063,74.127,50.0,4,5439,河南路二段,西屯區,yes,False,True,False,contains
2599103063,746174293,136.753,50.000000000000014,4,5439,河南路二段,西屯區,yes,False,True,False,contains
2599103063,2599103064,7.462,50.00000000000001,1,1360,,西屯區,no,True,True,True,contains
2599103064,1210454773,87.784,50.0,4,5439,河南路二段,西屯區,yes,False,True,False,contains
2599103064,2599103063,7.462,50.00000000000001,1,1360,,西屯區,no,True,True,True,contains
2599103071,2403314088,10.456,50.0,1,1360,甘肅路二段,西屯區,no,True,True,False,contains
2599103071,2403314520,241.855,50.0,4,5439,甘肅路二段,西屯區,no,False,True,False,contains
2599103072,1184149146,105.61,50.00000000000001,4,5439,河南路二段,西屯區,yes,False,True,False,contains
2599103072,2414186999,10.445,50.0,1,1360,福上巷龍欣一弄,西屯區,no,True,True,False,contains
2623539867,2181526592,168.392,49.99999999999999,1,1360,環中路一段,西屯區,yes,True,True,False,contains
2623539867,2181538096,65.84299999999999,49.99999999999999,1,1360,,西屯區,yes,True,True,True,contains
2625569469,3703035773,13.074,50.0,1,1360,經貿八路,西屯區,no,True,True,False,contains
2625569469,3787601943,245.953,49.99999999999999,1,1360,中清路二段,西屯區,yes,True,True,False,contains
2625594510,2625594511,122.454,50.00000000000001,1,1360,經貿十一街,西屯區,no,True,True,False,contains
2625594510,2625594581,76.207,50.0,1,1360,經貿路二段,西屯區,yes,True,True,False,contains
2625594511,2625594510,122.454,50.00000000000001,1,1360,經貿十一街,西屯區,no,True,True,False,contains
2625594511,2625594517,101.137,49.99999999999999,1,1360,中平北路,西屯區,no,True,True,False,contains
2625594511,2625594518,70.61099999999999,49.99999999999999,1,1360,中平北路,西屯區,no,True,True,False,contains
2625594512,2625594517,118.22,50.0,1,1360,經貿十街,西屯區,yes,True,True,False,contains
2625594512,11060845937,134.009,50.0,1,1360,中清路二段,西屯區,yes,True,True,False,contains
2625594516,2625594517,125.904,50.0,1,1360,中平北路,西屯區,no,True,True,False,contains
2625594516,11060845937,118.697,50.0,2,2719,經貿九路,西屯區,no,False,False,False,contains
2625594517,2625594511,101.137,49.99999999999999,1,1360,中平北路,西屯區,no,True,True,False,contains
2625594517,2625594516,125.904,50.0,1,1360,中平北路,西屯區,no,True,True,False,contains
2625594518,2625594511,70.611,50.0,1,1360,中平北路,西屯區,no,True,True,False,contains
2625594518,3433258560,33.964,50.0,1,1360,環中路二段,西屯區,yes,True,True,False,contains
2625594530,2403314378,147.208,50.0,1,1360,經貿七路,西屯區,yes,True,True,False,contains
2625594530,2625594539,12.881,50.0,1,1360,中清路二段,北屯區,yes,True,True,False,contains
2625594539,2625594547,186.796,50.00000000000001,1,1360,中清路二段,北屯區,yes,True,True,False,contains
2625594539,3426932382,12.693,50.0,1,1360,經貿七路,北屯區,yes,True,True,False,contains
2625594547,2632076612,112.73,50.0,1,1360,中清路二段,北屯區,yes,True,True,False,contains
2625594547,5374174630,12.128,50.0,1,1360,,北屯區,no,True,True,True,contains
2625594554,1634084655,10.529,50.0,1,1360,經貿三路二段,北屯區,no,True,True,False,contains
2625594554,3426932994,116.57,50.00000000000001,1,1360,中清路二段,北屯區,yes,True,True,False,contains
2625594558,2625594559,9.088,50.0,1,1360,經貿東路,北屯區,no,True,True,False,contains
2625594558,2625594599,123.189,50.0,1,1360,敦化路二段,北屯區,yes,True,True,False,contains
2625594559,2625594558,9.088,50.0,1,1360,經貿東路,北屯區,no,True,True,False,contains
2625594559,6347890497,242.698,49.99999999999999,1,1360,敦化路二段,北屯區,yes,True,True,False,contains
2625594581,2625594518,124.002,50.0,1,1360,環中路二段,西屯區,yes,True,True,False,contains
2625594599,2479029031,9.995,50.0,1,1360,敦化路二段,北屯區,yes,True,True,False,contains
2625594600,2625594559,123.14,49.999999999999986,1,1360,敦化路二段,北屯區,yes,True,True,False,contains
2625594600,2625594599,8.263,50.0,1,1360,經貿路一段,北屯區,yes,True,True,False,contains
2625617400,2625617410,59.846,50.0,1,1360,,北屯區,no,True,True,True,contains
2625617400,4422745683,301.098,50.0,1,1360,環中路一段,北屯區,yes,True,True,False,contains
2625617410,2623539867,847.1389999999999,50.00000000000001,1,1360,環中路一段,西屯區,yes,True,True,False,contains
2625617410,2625617400,59.846,50.0,1,1360,,北屯區,no,True,True,True,contains
2632076612,2625594554,148.12100000000004,50.00000000000002,1,1360,中清路二段,北屯區,yes,True,True,False,contains
2632076612,2632076613,10.909,50.0,1,1360,庄美街,北屯區,no,True,True,False,contains
2632076613,2632076612,10.909,50.0,1,1360,庄美街,北屯區,no,True,True,False,contains
2632076613,5374174630,113.214,50.0,1,1360,中清路二段,北屯區,yes,True,True,False,contains
2632076620,1634084657,235.438,50.0,1,1360,庄美街,北屯區,no,True,True,False,contains
2632076620,2479029261,188.573,50.00000000000001,1,1360,后庄三街,北屯區,no,True,True,False,contains
2632076620,5374174630,311.626,50.0,1,1360,庄美街,北屯區,no,True,True,False,contains
2632076709,3426932385,90.418,50.0,1,1360,中清路二段,西屯區,yes,True,True,False,contains
2632076709,3787601943,12.13,50.0,1,1360,中清路二段1250巷,西屯區,no,True,True,False,contains
2640718951,389520598,32.46,50.0,1,1360,中清路二段,西屯區,yes,True,True,False,contains
2640718951,2181538089,12.152,50.0,1,1360,環中路一段,西屯區,yes,True,True,False,contains
2640718961,2625594558,242.623,50.00000000000001,1,1360,敦化路二段,北屯區,yes,True,True,False,contains
2640718961,6347890497,8.691,50.0,1,1360,仁平路,北屯區,no,True,True,False,contains
2640719106,2640719113,11.761,50.0,1,1360,環中路二段,西屯區,yes,True,True,False,contains
2640719113,2640719134,452.939,49.99999999999999,1,1360,環中路二段,西屯區,yes,True,True,False,contains
2640719132,2181538077,131.17499999999998,49.99999999999999,1,1360,環中路二段,西屯區,yes,True,True,False,contains
2640719134,2640719132,31.256,50.0,1,1360,環中路二段,西屯區,yes,True,True,False,contains
2641897013,1019448903,174.75799999999998,50.0,2,2719,太原路一段,北區,yes,False,False,False,contains
2641897013,2319977877,188.441,50.0,1,1360,忠太西路,北區,yes,True,True,False,contains
2641897013,2319977889,27.039,50.0,1,1360,忠太西路,北區,no,True,True,False,contains
2641897031,2285774590,11.884,50.0,1,1360,西屯路一段,北區,no,True,True,False,contains
2641897031,2409937110,112.527,50.0,4,5439,西屯路一段,北區,no,False,True,False,contains
2641897031,2674338887,131.64,50.0,2,2719,忠明路,北區,yes,False,True,False,contains
2641897076,2641897031,223.652,50.00000000000001,2,2719,忠明路,北區,yes,False,True,False,contains
2641897076,5645685000,11.863,50.0,1,1360,華富街,北區,no,True,True,False,contains
2643456095,3387065012,729.9110000000001,50.0,3,4079,美村路一段,西區,no,False,True,False,contains
2655942484,1234819127,216.361,60.0,3,4079,文心路一段,南屯區,yes,False,False,False,contains
2655942484,2655942485,144.121,50.00000000000001,1,1360,水安街,南屯區,no,True,True,False,contains
2655942485,2655942484,144.121,50.00000000000001,1,1360,水安街,南屯區,no,True,True,False,contains
2655942485,2655942486,83.275,50.0,1,1360,大福街,南屯區,no,True,True,False,contains
2655942485,2655942492,58.016,50.0,1,1360,大福街,南屯區,no,True,True,False,contains
2655942486,263182355,135.309,50.0,1,1360,大業路,南屯區,no,True,True,False,contains
2655942486,2655942485,83.275,50.0,1,1360,大福街,南屯區,no,True,True,False,contains
2655942486,3010403340,242.832,49.99999999999999,1,1360,文心一路,南屯區,no,True,True,True,contains
2655942492,2655942485,58.016,50.0,1,1360,大福街,南屯區,no,True,True,False,contains
2655942492,2655942495,164.84,50.0,1,1360,大福街,南屯區,no,True,True,False,contains
2655942492,2852195874,20.673,50.0,1,1360,大墩十四街,南屯區,no,True,True,False,contains
2655942495,2655942492,164.84,50.0,1,1360,大福街,南屯區,no,True,True,False,contains
2655942495,2852195873,22.014,50.0,1,1360,公益路二段,南屯區,yes,True,True,False,contains
2657775895,413411794,99.41499999999999,49.99999999999999,1,1360,精誠路,西區,no,True,True,False,contains
2657775895,2657775918,127.174,50.0,1,1360,大墩十二街,西區,no,True,True,False,contains
2657775897,2520647461,177.09,50.0,1,1360,大進街,南屯區,no,True,True,False,contains
2657775897,2524042400,93.638,50.0,1,1360,大昌街,南屯區,no,True,True,False,contains
2657775897,4634092568,80.46000000000001,50.00000000000001,1,1360,大墩十二街,南屯區,no,True,True,False,contains
2657775918,2597789635,93.126,50.0,1,1360,大同街,西區,no,True,True,False,contains
2657775918,2657775895,127.174,50.0,1,1360,大墩十二街,西區,no,True,True,False,contains
2657775918,4634092568,86.721,50.0,1,1360,大墩十二街,西區,no,True,True,False,contains
2659007865,746174308,11.453,50.0,4,5439,東興路三段,南屯區,no,False,True,False,contains
2659007865,2597789635,86.741,50.0,1,1360,公益路,西區,yes,True,True,False,contains
2659007865,4634092568,92.714,50.0,4,5439,東興路三段,南屯區,no,False,True,False,contains
2663073620,2273314804,267.129,49.99999999999999,2,2719,北興街,北區,no,False,True,False,contains
2663073620,2320066233,1063.97,49.99999999999999,1,1360,永興街,北區,no,True,True,False,contains
2663073620,5856357406,127.202,50.000000000000014,1,1360,永興街,北區,no,True,True,False,contains
2663073646,2663073649,129.766,29.999999999999996,2,2719,文昌東五街,北屯區,no,False,False,False,contains
2663073646,3728618197,165.19099999999997,30.0,2,2719,文昌東五街,北屯區,no,False,False,False,contains
2663073646,3728618200,114.962,50.0,2,2719,天津路三段,北屯區,no,False,True,False,contains
2663073649,2479028778,66.784,50.00000000000001,1,1360,青島路三段,北區,no,True,True,False,contains
2663073649,2663073646,129.76600000000002,30.000000000000004,2,2719,文昌東五街,北屯區,no,False,False,False,contains
2663073649,3469369681,157.725,49.99999999999999,1,1360,青島路三段,北區,no,True,True,False,contains
2673110785,1208283416,13.913,50.0,4,5439,市政路,西屯區,yes,False,True,False,contains
2674338880,2597737524,10.144,50.0,1,1360,市政路,西屯區,yes,True,True,False,contains
2674338887,2285844933,35.724,49.99999999999999,1,1360,忠明麻園橋,西區,yes,True,True,False,contains
2674338887,2409937110,195.865,50.0,1,1360,華美街二段,北區,no,True,True,False,contains
2674338887,4015756593,13.76,50.0,1,1360,華美街二段,北區,no,True,True,False,contains
2674338890,2285844933,13.531,50.0,1,1360,華美西街一段,西區,no,True,True,False,contains
2674338890,4015756593,36.763,49.99999999999999,1,1360,忠明麻園橋,北區,yes,True,True,False,contains
2674338909,2285774576,158.163,50.0,1,1360,健行路,北區,no,True,True,False,contains
2674338909,2493436036,691.1689999999999,49.99999999999999,1,1360,德化街,北區,no,True,True,False,contains
2674338909,2775551888,82.006,50.0,1,1360,華中街,北區,no,True,True,False,contains
2775522632,1263333961,134.03900000000002,60.00000000000001,3,4079,文心路二段,西屯區,yes,False,False,False,contains
2775522632,1263334057,16.943,50.0,1,1360,大墩十九街,西屯區,no,True,True,False,contains
2775551888,1270027356,462.02299999999997,49.99999999999999,1,1360,民權路,北區,no,True,True,False,contains
2775551888,2674338909,82.006,50.0,1,1360,華中街,北區,no,True,True,False,contains
2775551888,6341748165,158.688,50.0,1,1360,美德街,北區,no,True,True,False,contains
2782665603,2569380234,60.663,50.0,2,2719,崇德路二段,北屯區,yes,False,True,False,contains
2796037637,1167823606,194.629,50.0,1,1360,青海南街,西屯區,no,True,True,False,contains
2796037637,1596002756,89.163,50.0,1,1360,臺灣大道三段,西屯區,no,True,True,False,contains
2833196323,5855539142,38.375,50.0,2,2719,中清路一段,北區,yes,False,True,False,contains
2852195871,1208283424,303.428,50.0,4,5439,市政路,西屯區,yes,False,True,False,contains
2852195871,1208283521,13.799,60.0,3,4079,文心路二段,西屯區,yes,False,False,False,contains
2852195873,1234819205,40.724,50.0,1,1360,公益路二段,南屯區,yes,True,True,False,contains
2852195873,2852195874,164.474,50.0,1,1360,大福街,南屯區,no,True,True,False,contains
2852195874,2655942492,20.673,50.0,1,1360,大墩十四街,南屯區,no,True,True,False,contains
2852195874,2852195873,164.474,50.0,1,1360,大福街,南屯區,no,True,True,False,contains
2852195874,6106382910,175.715,49.99999999999999,1,1360,大墩十四街,南屯區,no,True,True,False,contains
2921806847,263152321,518.51,50.0,1,1360,進德北路,東區,no,True,True,False,contains
2921806847,752671758,1141.855,50.0,1,1360,進化路,東區,yes,True,True,True,contains
2921806858,2217884311,147.79399999999998,50.0,1,1360,進化路,東區,yes,True,True,False,contains
2921806858,2921806861,21.606,50.0,1,1360,進化路221巷,東區,no,True,True,False,contains
2921806858,5094365549,491.267,49.99999999999999,1,1360,自強南街,東區,no,True,True,False,contains
2921806861,2921806858,21.606,50.0,1,1360,進化路221巷,東區,no,True,True,False,contains
2924917820,297716895,74.681,50.0,2,2719,五權路,西區,yes,False,True,False,contains
2924917820,2924917824,104.714,50.0,1,1360,博館二街,西區,no,True,True,False,contains
2924917824,2222553768,71.258,49.99999999999999,1,1360,日興街,西區,no,True,True,False,contains
2924917824,2319986975,51.957,50.0,1,1360,日興街,西區,no,True,True,False,contains
2924917824,2924917820,104.714,50.0,1,1360,博館二街,西區,no,True,True,False,contains
2957200727,263152321,382.899,50.0,1,1360,力行路,北區,no,True,True,False,contains
2957200727,3502366707,12.22,50.0,1,1360,雙十路二段,北區,yes,True,True,False,contains
2957200727,3502366716,8.938,50.0,1,1360,力行路,北區,no,True,True,False,contains
2984132842,1253928433,2089.8489999999997,61.1998659278867,1,1360,臺灣大道四段,西屯區,yes,True,True,False,contains
3001732569,380038134,192.49200000000002,50.00000000000001,4,5439,民權路,西區,no,False,False,False,contains
3001732569,1147069737,223.79899999999998,50.0,2,2719,五權路,西區,yes,False,False,False,contains
3001732569,2286357575,10.029,50.0,6,8158,民權路,西區,no,False,False,False,contains
3001732574,2222522424,76.369,49.99999999999999,1,1360,,西區,yes,False,True,True,contains
3001732574,2222522430,60.676,50.00000000000001,2,2719,五權路,西區,yes,False,True,False,contains
3001732576,2320046553,61.774,50.00000000000001,2,2719,五權路,西區,yes,False,True,False,contains
3010403340,263182355,111.822,60.0,3,4079,文心路一段,南屯區,yes,False,False,False,contains
3010403340,2655942486,242.832,49.99999999999999,1,1360,文心一路,南屯區,no,True,True,True,contains
3014256302,2401099660,120.395,49.99999999999999,1,1360,黎明路三段,西屯區,no,True,False,False,contains
3014256302,2403314455,90.909,50.0,1,1360,中平路,西屯區,no,True,True,False,contains
3014256302,2625594516,44.351,50.0,4,5439,,西屯區,yes,False,True,True,contains
3022483282,5094365539,11.447,50.0,1,1360,精武路,東區,yes,True,True,False,contains
3022483285,3022483282,9.862,50.0,1,1360,東光路,東區,yes,True,True,False,contains
3022483285,5094365563,136.574,50.0,1,1360,精武路,東區,yes,True,True,False,contains
3027389429,2479028881,102.639,50.0,1,1360,大連北街,北屯區,no,True,True,False,contains
3027389429,2501718186,413.11,50.0,1,1360,四平路,北屯區,no,True,True,False,contains
3027389429,3198490526,104.035,50.00000000000001,1,1360,四平路,北屯區,no,True,True,False,contains
3027389559,2273314849,89.549,50.0,2,2719,崇德路二段,北屯區,yes,False,True,False,contains
3169776369,1296335917,253.419,50.0,3,4079,松竹路二段,北屯區,yes,False,False,False,contains
3169776369,3169776372,11.95,50.0,2,2719,北屯路,北屯區,yes,False,False,False,contains
3169776372,3169776373,10.474,50.0,3,4079,松竹路一段,北屯區,yes,False,False,False,contains
3169776373,2273306375,11.754,50.0,2,2719,北屯路,北屯區,yes,False,False,False,contains
3169776373,3800216777,204.808,49.99999999999999,3,4079,松竹路一段,北屯區,yes,False,False,False,contains
3182231466,2272848299,189.21,50.0,2,2719,松竹路一段,北屯區,yes,False,False,False,contains
3190269879,2493550216,11.353,50.0,1,1360,三民路三段,北區,yes,True,True,False,contains
3190269879,8122997582,139.151,49.99999999999999,1,1360,崇德路一段,北區,yes,True,True,False,contains
3190269880,3190269883,9.953,50.0,1,1360,三民路三段,北區,yes,True,True,False,contains
3190269880,3502153334,318.232,49.99999999999999,1,1360,錦南街,北區,yes,True,True,False,contains
3190269883,2493550216,11.247,50.0,1,1360,,北區,yes,True,True,True,contains
3190269883,3190269879,11.29,50.0,1,1360,崇德路一段,北區,yes,True,True,False,contains
3198439705,2403313992,459.10200000000003,50.0,1,1360,長安路二段,西屯區,no,True,True,False,contains
3198439705,2409937282,146.581,49.99999999999999,1,1360,華美西街二段,西屯區,no,True,True,False,contains
3198439705,2493534439,53.264,50.0,1,1360,中清西二街,西屯區,no,True,True,False,contains
3198439733,2409937063,128.685,50.0,1,1360,文心路三段445巷,北屯區,no,True,True,False,contains
3198439733,2409937179,39.575,50.0,3,4079,文心路三段,北屯區,yes,False,True,False,contains
3198490526,2383676012,102.818,50.00000000000001,1,1360,四平路,北屯區,no,True,True,False,contains
3198490526,3027389429,104.035,50.00000000000001,1,1360,四平路,北屯區,no,True,True,False,contains
3198490526,3999501198,92.623,49.99999999999999,1,1360,,北屯區,no,True,True,True,contains
3212336320,1234819279,12.81,50.00000000000001,1,1360,市政北五路,西屯區,no,True,True,False,contains
3212336320,2597767457,192.361,59.99999999999999,4,5439,惠中路一段,西屯區,yes,False,False,False,contains
3212336327,1234819288,14.333,49.99999999999999,1,1360,市政北三路,西屯區,no,True,True,False,contains
3212336327,3212336320,78.28,60.0,4,5439,惠中路一段,西屯區,yes,False,False,False,contains
3212772158,1229056381,422.61400000000003,50.00000000000001,4,5439,東山路一段,北屯區,no,False,True,False,contains
3212772158,2078496647,208.141,50.0,4,5439,東山路一段,北屯區,no,False,True,False,contains
3212772158,3212781967,265.323,49.99999999999999,1,1360,,北屯區,no,True,True,True,contains
3212781967,2078496647,178.993,50.0,1,1360,水景街,北屯區,no,True,True,False,contains
3212781967,2408395665,763.75,50.0,1,1360,景和街,北屯區,no,True,True,False,contains
3212781967,3212772158,265.323,50.0,1,1360,,北屯區,no,True,True,True,contains
3282747193,5916214842,125.771,50.00000000000001,4,5439,臺灣大道一段,中區,no,False,False,False,contains
3283314503,2222505682,124.048,50.00000000000001,2,2719,成功路,中區,yes,False,True,False,contains
3283314503,5916214842,105.28,49.99999999999999,2,2719,綠川東街,中區,yes,False,True,False,contains
3285466348,8349349076,7.875,50.0,2,2719,民權路,西區,yes,False,False,False,contains
3285467668,2285774309,242.261,50.00000000000001,1,1360,日進街,西區,no,True,True,False,contains
3285467668,13021803229,60.294,49.99999999999999,3,4079,民權路,西區,yes,False,False,False,contains
3323240001,263152592,112.69,50.0,2,2719,五權路,西區,yes,False,False,False,contains
3323240001,2320046583,10.124,50.0,1,1360,自治街,西區,no,True,True,False,contains
3323240005,2320046576,10.224,50.0,1,1360,自立街,西區,no,True,True,False,contains
3323240005,3323240001,109.045,50.00000000000001,2,2719,五權路,西區,yes,False,False,False,contains
3324711840,2273306446,66.68799999999999,49.999999999999986,2,2719,松竹路二段,北屯區,yes,False,False,False,contains
3324711840,3324711841,10.375,50.0,1,1360,松竹路二段337巷,北屯區,no,True,True,False,contains
3324711841,3324711840,10.375,50.0,1,1360,松竹路二段337巷,北屯區,no,True,True,False,contains
3324711841,4874067569,93.346,50.00000000000001,2,2719,松竹路二段,北屯區,yes,False,False,False,contains
3339149493,3339150100,95.5,50.0,1,1360,中清路二段,北屯區,yes,True,True,False,contains
3339149494,4423817086,7.421,50.0,1,1360,后庄一街,北屯區,no,True,True,False,contains
3339149494,5844097587,81.01000000000002,50.00000000000001,1,1360,敦化路一段,北屯區,yes,True,True,False,contains
3339150100,1647311816,180.944,50.0,1,1360,中清路二段,北屯區,yes,True,True,False,contains
3353721801,2440639546,76.91300000000001,50.00000000000001,1,1360,文昌東四街,北屯區,no,True,True,False,contains
3353721801,2501749581,86.813,50.0,2,2719,文昌二街,北屯區,no,False,True,False,contains
3353721801,2501749582,99.262,50.0,2,2719,文昌二街,北屯區,no,False,True,False,contains
3387065012,1019449001,10.252,50.0,1,1360,美村路一段,西區,no,True,True,False,contains
3387065012,2643456095,729.911,49.99999999999999,3,4079,美村路一段,西區,no,False,True,False,contains
3388981023,3169776372,227.177,50.0,3,4079,松竹路二段,北屯區,yes,False,False,False,contains
3388981056,3388981057,10.276,50.0,1,1360,松和街,北屯區,no,True,True,False,contains
3388981056,3390619400,100.33299999999998,49.99999999999999,2,2719,松竹路二段,北屯區,yes,False,False,False,contains
3388981057,3324711841,127.669,49.99999999999999,2,2719,松竹路二段,北屯區,yes,False,False,False,contains
3388981057,3388981056,10.276,50.0,1,1360,松和街,北屯區,no,True,True,False,contains
3390619400,2479029001,85.991,49.99999999999999,2,2719,松竹路二段,北屯區,yes,False,False,False,contains
3390619401,369669481,240.398,49.99999999999999,2,2719,松竹路二段,北屯區,yes,False,False,False,contains
3390619401,2479028988,10.235,50.0,1,1360,松安街,北屯區,no,True,True,False,contains
3391179538,2273314841,52.429,50.0,2,2719,崇德路二段,北屯區,yes,False,True,False,contains
3426698187,1192918700,685.7010000000001,50.00000000000001,4,5439,朝馬路,西屯區,no,False,True,False,contains
3426698187,1210476794,16.306,50.0,4,5439,朝馬路,西屯區,no,False,True,False,contains
3426698187,2597737523,1687.455,50.0,3,4079,環中路三段,西屯區,yes,False,True,False,contains
3426932382,2625594530,11.837,50.0,1,1360,經貿七路,北屯區,yes,True,True,False,contains
3426932382,2632076709,33.827,50.0,1,1360,中清路二段,北屯區,yes,True,True,False,contains
3426932385,3703035773,150.83300000000003,50.00000000000001,1,1360,中清路二段,西屯區,yes,True,True,False,contains
3426932994,1647311816,11.027,50.0,1,1360,后庄路,北屯區,no,True,True,False,contains
3426932994,2333043917,357.772,49.99999999999999,1,1360,中清路二段,北屯區,yes,True,True,False,contains
3433258558,2181526588,14.929,50.0,3,4079,環中路二段,西屯區,yes,False,True,False,contains
3433258558,3433258559,55.114,50.0,1,1360,,西屯區,yes,True,True,True,contains
3433258559,2181538078,4.508,50.0,1,1360,環中路二段,西屯區,yes,True,True,False,contains
3433258560,2181526588,55.065,49.99999999999999,1,1360,,西屯區,yes,True,True,True,contains
3433258560,3433258559,9.016,50.0,1,1360,環中路二段,西屯區,yes,True,True,False,contains
3469090292,2387142821,630.8180000000001,51.955100020781984,4,5439,安和路,西屯區,no,False,True,False,contains
3469369681,2170314060,158.09099999999998,50.0,1,1360,崇德路一段,北屯區,yes,True,True,False,contains
3469369681,2273314821,10.145,50.0,1,1360,青島路三段,北屯區,no,True,True,False,contains
3469369681,2663073649,157.725,50.0,1,1360,青島路三段,北區,no,True,True,False,contains
3469522839,3469522840,36.562000000000005,50.00000000000001,1,1360,漢口梅橋,北區,no,True,True,False,contains
3469522839,3698691327,468.511,50.00000000000001,1,1360,漢口路四段,北區,no,True,True,False,contains
3469522839,5856155293,91.847,49.99999999999999,1,1360,梅川西路三段,北區,yes,True,True,False,contains
3469522840,3469522839,36.562,50.0,1,1360,漢口梅橋,北區,no,True,True,False,contains
3469522840,3728618946,175.938,49.99999999999999,1,1360,梅川東路三段,北區,yes,True,True,False,contains
3469522868,791389919,61.657,50.0,1,1360,四川路,西屯區,no,True,True,False,contains
3469522868,4422167092,122.741,49.99999999999999,1,1360,四川路,西屯區,no,True,True,False,contains
3471556247,2569917262,289.29900000000004,50.000000000000014,4,5439,福星路,西屯區,no,False,True,False,contains
3502153334,2493550221,9.352,50.0,1,1360,錦南街,北區,yes,True,True,False,contains
3502153334,3502153336,66.642,49.99999999999999,1,1360,雙十路二段,北區,yes,True,True,False,contains
3502153336,3502366707,9.296,50.00000000000001,1,1360,雙十路二段45巷,北區,no,True,True,False,contains
3502153336,3502366716,11.808,50.0,1,1360,雙十路二段,北區,yes,True,True,False,contains
3502366707,2493550221,66.392,49.99999999999999,1,1360,雙十路二段,北區,yes,True,True,False,contains
3502366707,3502153336,9.296,50.00000000000001,1,1360,雙十路二段45巷,北區,no,True,True,False,contains
3502366716,2957200727,8.938,50.0,1,1360,力行路,北區,no,True,True,False,contains
3502458872,2283708860,165.21,50.0,2,2719,中清路一段,北區,yes,False,True,False,contains
3502458872,2493550214,12.928,50.0,1,1360,五權路,北區,yes,True,True,False,contains
3502458873,3502458872,16.253,50.0,2,2719,中清路一段,北區,yes,False,True,False,contains
3504352683,2222553812,151.377,50.0,1,1360,臺灣大道二段,北區,yes,True,True,False,contains
3504352683,2222553820,7.534,49.99999999999999,1,1360,館前路,北區,yes,True,True,False,contains
3504352685,2222553856,11.455,50.0,1,1360,臺灣大道二段,西區,yes,True,True,False,contains
3504352685,2222553858,13.593,60.0,1,1360,忠明南路,西區,yes,True,False,False,contains
3504352687,1019448873,331.77,49.99999999999999,1,1360,臺灣大道二段,西區,yes,True,True,False,contains
3504352687,3504352685,9.339,60.0,1,1360,忠明南路,西區,yes,True,False,False,contains
3523162342,2409936985,46.967,50.0,1,1360,華美西街二段,北屯區,no,True,True,False,contains
3523162342,2409937238,88.233,50.0,1,1360,華美西街二段,北屯區,no,True,True,False,contains
3523162342,3523162343,63.475,50.0,1,1360,文心路三段419巷,北屯區,no,True,True,False,contains
3523162343,2409937238,73.18,50.00000000000001,3,4079,文心路三段,北屯區,yes,False,True,False,contains
3523162343,3523162342,63.475,50.0,1,1360,文心路三段419巷,北屯區,no,True,True,False,contains
3555961414,2181526589,78.776,50.0,1,1360,中清路三段,西屯區,yes,True,True,False,contains
3555961414,3555961415,12.996,50.00000000000001,1,1360,清武巷,西屯區,no,True,True,False,contains
3555961415,3555961414,12.996,50.00000000000001,1,1360,清武巷,西屯區,no,True,True,False,contains
3555961415,5595599933,326.398,50.0,1,1360,中清路三段,西屯區,yes,True,True,False,contains
3555961439,1634084666,11.79,50.0,1,1360,中清路三段225巷,西屯區,no,True,True,False,contains
3671153261,2597784460,207.817,60.0,3,4079,文心路一段,南屯區,yes,False,False,False,contains
3671153261,4401085478,23.094,50.0,1,1360,向上南路一段,南屯區,no,True,True,False,contains
3683225170,3683225178,344.34000000000003,50.000000000000014,3,4079,臺灣大道三段,西屯區,yes,False,True,False,contains
3683225170,13582966259,11.539,50.0,4,5439,河南路二段,西屯區,yes,False,True,False,contains
3683225171,1192918508,14.423,50.0,1,1360,朝富路,西屯區,no,True,True,False,contains
3683225171,5057628097,11.656,50.0,1,1360,朝富路,西屯區,no,True,True,False,contains
3683225171,13582966256,225.808,50.00000000000001,3,4079,臺灣大道三段,西屯區,yes,False,True,False,contains
3683225177,1234819198,317.459,50.0,1,1360,臺灣大道三段,西屯區,yes,True,False,False,contains
3683225177,1234819346,199.4,49.99999999999999,4,5439,惠來路二段,西屯區,no,False,True,False,contains
3683225177,3683225178,12.718,50.00000000000001,1,1360,惠來路二段,西屯區,no,True,True,False,contains
3683225178,263152663,312.962,60.0,3,4079,臺灣大道三段,西屯區,yes,False,False,False,contains
3683225178,1208283549,16.095,50.0,1,1360,惠來路三段,西屯區,no,True,True,False,contains
3683225178,3683225177,12.718,50.00000000000001,1,1360,惠來路二段,西屯區,no,True,True,False,contains
3683225182,1263334034,16.886,50.0,1,1360,臺灣大道二段,西屯區,yes,True,True,False,contains
3683225182,2775522632,264.787,60.0,3,4079,文心路二段,西屯區,yes,False,False,False,contains
3683225207,746174308,301.584,50.0,4,5439,東興路三段,西區,no,False,True,False,contains
3683225210,746174412,212.859,50.0,1,1360,臺灣大道二段,西屯區,yes,True,True,False,contains
3683225210,3683225211,11.213,50.0,1,1360,精誠路,西屯區,no,True,True,False,contains
3683225211,2222553854,216.968,50.00000000000001,1,1360,臺灣大道二段,西區,yes,True,True,False,contains
3683225211,3683225210,11.213,50.0,1,1360,精誠路,西屯區,no,True,True,False,contains
3698691325,2319962394,204.883,50.0,2,2719,中清路一段,北區,yes,False,True,False,contains
3698691325,2409937389,798.0169999999999,49.99999999999999,1,1360,漢口路三段,北區,no,True,True,False,contains
3698691325,3698691327,11.556,50.0,1,1360,漢口路三段,北區,no,True,True,False,contains
3698691327,768592748,69.922,49.99999999999999,2,2719,中清路一段,北區,yes,False,True,False,contains
3698691327,3469522839,468.511,50.00000000000001,1,1360,漢口路四段,北區,no,True,True,False,contains
3698691327,3698691325,11.556,50.0,1,1360,漢口路三段,北區,no,True,True,False,contains
3703035773,2625569469,13.074,50.0,1,1360,經貿八路,西屯區,no,True,True,False,contains
3711538610,2273314834,69.987,50.0,2,2719,崇德路二段,北屯區,yes,False,True,False,contains
3711538610,2273314835,9.702,50.0,2,2719,瀋陽路三段,北屯區,no,False,True,False,contains
3711540338,1245798154,339.928,60.00000000000001,3,4079,文心路四段,北屯區,yes,False,False,False,contains
3711540338,1282923531,13.748,50.0,2,2719,熱河路二段,北屯區,no,False,True,False,contains
3714873605,1264707084,107.859,60.0,3,4079,文心路三段,西屯區,yes,False,False,False,contains
3728618197,2273314824,71.812,50.0,1,1360,北平路三段,北屯區,no,True,True,False,contains
3728618197,2440639545,122.989,50.00000000000001,1,1360,北平路三段,北屯區,no,True,True,False,contains
3728618197,2501749582,202.893,40.32989895643532,2,2719,文昌二街,北屯區,no,False,True,False,contains
3728618197,2663073646,165.191,30.0,2,2719,文昌東五街,北屯區,no,False,False,False,contains
3728618198,2192305779,155.23,49.99999999999999,1,1360,崇德路二段,北屯區,yes,True,True,False,contains
3728618198,3728618200,11.434,50.0,2,2719,天津路三段,北屯區,no,False,True,False,contains
3728618200,2663073646,114.962,50.00000000000001,2,2719,天津路三段,北屯區,no,False,True,False,contains
3728618200,3469369681,117.24,50.0,1,1360,崇德路二段,北屯區,yes,True,True,False,contains
3728618200,3728618198,11.434,50.0,2,2719,天津路三段,北屯區,no,False,True,False,contains
3728618944,3469522839,181.126,50.0,1,1360,梅川西路三段,北區,yes,True,True,False,contains
3728618944,3728618946,34.136,50.00000000000001,1,1360,東峰第一梅橋,北屯區,no,True,True,False,contains
3728618946,2479028778,414.55499999999995,49.99999999999999,1,1360,青島路三段,北屯區,no,True,True,False,contains
3728618946,3728618944,34.136,49.99999999999999,1,1360,東峰第一梅橋,北屯區,no,True,True,False,contains
3751506383,2520647461,78.228,50.0,1,1360,公益路二段,南屯區,yes,True,False,False,contains
3751531028,2333048291,14.391,50.0,1,1360,山西路二段,北屯區,no,True,True,False,contains
3751531028,2440634484,336.564,50.00000000000001,3,4079,文心路四段,北區,yes,False,True,False,contains
3787601943,2625594530,23.644,50.0,1,1360,中清路二段,西屯區,yes,True,True,False,contains
3787601943,2632076709,12.13,50.0,1,1360,中清路二段1250巷,西屯區,no,True,True,False,contains
3798200651,4852838315,17.836,50.0,2,2719,敦富路,北屯區,no,False,True,False,contains
3798200651,5042099482,291.64700000000005,50.0,3,4079,松竹路一段,北屯區,yes,False,False,False,contains
3800216777,4852838317,16.781,50.0,1,1360,南興路,北屯區,no,True,True,False,contains
3800216777,12176455232,230.403,50.00000000000001,3,4079,松竹路一段,北屯區,yes,False,False,False,contains
3822288009,3798200651,117.62,49.99999999999999,3,4079,松竹路一段,北屯區,yes,False,False,False,contains
3822288011,3822288009,21.647,50.0,3,4079,松竹路一段,北屯區,yes,False,False,False,contains
3893055357,1253928433,21.75,50.0,4,5439,工業區一路,西屯區,no,False,True,False,contains
3893055357,5294890011,1104.623,50.000000000000014,4,5439,工業區一路,西屯區,no,False,True,False,contains
3893055357,5813786238,1050.9170000000001,50.0,1,1360,臺灣大道四段,西屯區,yes,True,True,False,contains
3914035514,2599103072,16.91,50.0,4,5439,河南路二段,西屯區,yes,False,True,False,contains
3914035514,3914035517,9.896,50.0,1,1360,凱旋路,西屯區,yes,True,False,False,contains
3914035515,3914035514,10.811,50.0,4,5439,河南路二段,西屯區,yes,False,True,False,contains
3914035516,3914035515,10.219,50.0,2,2719,凱旋路,西屯區,yes,False,False,False,contains
3914035516,7265639319,195.173,50.0,4,5439,河南路二段,西屯區,yes,False,True,False,contains
3914035517,3914035516,10.767,50.0,4,5439,河南路二段,西屯區,yes,False,True,False,contains
3914035519,2479029151,7.001,50.0,1,1360,后庄七街,北屯區,no,True,True,False,contains
3914035519,4973988396,219.336,50.00000000000001,1,1360,敦化路一段,北屯區,yes,True,True,False,contains
3955356783,746174308,86.377,50.0,1,1360,公益路,西區,yes,True,True,False,contains
3955356783,2597789635,11.681,50.0,1,1360,公益路,西區,no,True,True,False,contains
3999501198,2479028881,130.867,49.99999999999999,1,1360,水湳路,北屯區,yes,True,True,False,contains
3999501198,3198490526,92.623,49.99999999999999,1,1360,,北屯區,no,True,True,True,contains
4014688881,2273314842,182.607,50.0,2,2719,崇德路二段,北屯區,yes,False,True,False,contains
4014688881,2569380234,10.447,50.0,2,2719,崇德二路二段,北屯區,no,False,True,False,contains
4015756593,2285774590,129.648,50.00000000000001,2,2719,忠明路,北區,yes,False,True,False,contains
4015756593,2674338887,13.76,50.0,1,1360,華美街二段,北區,no,True,True,False,contains
4195127670,2386180264,519.827,50.00000000000001,1,1360,西安街,西屯區,no,True,True,False,contains
4195127670,4195127675,344.89,50.0,1,1360,凱旋八街,西屯區,no,True,True,False,contains
4195127670,5652867654,172.764,50.0,1,1360,凱旋七路,西屯區,no,True,True,False,contains
4195127672,4195127676,170.901,50.00000000000001,2,2719,凱旋路,西屯區,yes,False,False,False,contains
4195127672,5652867654,12.074,50.0,1,1360,凱旋七路,西屯區,no,True,True,False,contains
4195127675,4195127670,344.89,50.0,1,1360,凱旋八街,西屯區,no,True,True,False,contains
4195127675,4195127676,12.766,50.0,1,1360,凱旋八街,西屯區,no,True,True,False,contains
4195127675,5652867654,170.79500000000002,49.99999999999999,1,1360,凱旋路,西屯區,yes,True,False,False,contains
4195127676,4195127675,12.766,50.0,1,1360,凱旋八街,西屯區,no,True,True,False,contains
4195127676,7216723040,188.896,50.00000000000001,2,2719,凱旋路,西屯區,yes,False,False,False,contains
4195127678,4195127675,190.111,49.99999999999999,1,1360,凱旋路,西屯區,yes,True,False,False,contains
4195127678,7216723040,12.486,30.0,1,1360,敦化路二段,西屯區,yes,True,False,False,contains
4332200053,2127364520,65.405,50.0,2,2719,松竹路二段,北屯區,yes,False,False,False,contains
4401085477,5536966027,6.861,60.0,3,4079,文心路一段,南屯區,yes,False,False,False,contains
4401085478,3671153261,23.094,50.0,1,1360,向上南路一段,南屯區,no,True,True,False,contains
4401085478,4401085477,123.418,60.0,3,4079,文心路一段,南屯區,yes,False,False,False,contains
4422167092,704461113,88.662,50.00000000000001,1,1360,四川路,西屯區,no,True,True,False,contains
4422167092,3469522868,122.741,49.99999999999999,1,1360,四川路,西屯區,no,True,True,False,contains
4422745683,4423739256,11.753,50.0,1,1360,環中路一段,北屯區,yes,True,True,False,contains
4422830394,5856301631,626.105,49.99999999999999,4,5439,漢口路五段,北屯區,no,False,True,False,contains
4422881983,2285774469,146.618,50.0,1,1360,篤行路335巷,北區,no,True,True,False,contains
4422881983,2285774511,139.88,50.0,1,1360,育德路,北區,yes,True,True,False,contains
4423739215,7509130526,140.673,50.0,2,2719,松竹路三段,北屯區,yes,False,False,False,contains
4423739243,2273307170,145.94699999999995,50.0,2,2719,松竹路三段,北屯區,yes,False,False,False,contains
4423739252,4423739243,22.273,50.0,2,2719,松竹路三段,北屯區,yes,False,True,False,contains
4423739256,2154860686,253.689,50.00000000000001,1,1360,環中路一段,北屯區,yes,True,True,False,contains
4423739256,11935327603,63.142,50.00000000000001,1,1360,榮德路,北屯區,yes,True,True,False,contains
4423817086,2501436839,144.321,50.0,1,1360,敦化路一段,北屯區,yes,True,True,False,contains
4423817086,3339149494,7.421,50.0,1,1360,后庄一街,北屯區,no,True,True,False,contains
4634092568,746174341,357.938,50.00000000000001,4,5439,東興路三段,西區,no,False,True,False,contains
4634092568,2657775897,80.46000000000001,50.00000000000001,1,1360,大墩十二街,南屯區,no,True,True,False,contains
4634092568,2657775918,86.721,50.0,1,1360,大墩十二街,西區,no,True,True,False,contains
4634092568,2659007865,92.714,50.0,4,5439,東興路三段,南屯區,no,False,True,False,contains
4778950362,4778950367,113.505,49.99999999999999,1,1360,敦化路二段,西屯區,yes,True,True,False,contains
4778950362,4778950403,8.536,50.0,1,1360,中科路,西屯區,no,True,True,False,contains
4778950367,7216723039,397.067,30.0,1,1360,敦化路二段,西屯區,yes,True,False,False,contains
4778950367,7265639336,9.508,50.0,1,1360,啟航路,西屯區,no,True,True,False,contains
4778950403,2403314088,963.893,50.00000000000001,1,1360,中科路,西屯區,no,True,True,False,contains
4778950403,2479029028,107.518,50.0,1,1360,敦化路二段,西屯區,yes,True,True,False,contains
4778950403,4778950362,8.536,50.0,1,1360,中科路,西屯區,no,True,True,False,contains
4852838315,3798200651,17.836,50.0,2,2719,敦富路,北屯區,no,False,True,False,contains
4852838315,12176455233,162.796,50.0,3,4079,松竹路一段,北屯區,yes,False,False,False,contains
4852838317,3800216777,16.781,50.0,1,1360,南興路,北屯區,no,True,True,False,contains
4852838317,13074074550,160.02200000000002,50.00000000000001,3,4079,松竹路一段,北屯區,yes,False,False,False,contains
4874067569,3390619401,36.473,50.0,2,2719,松竹路二段,北屯區,yes,False,False,False,contains
4961242656,4852838315,201.736,50.0,3,4079,松竹路一段,北屯區,yes,False,False,False,contains
4973988350,4973988377,196.867,50.0,1,1360,敦化二街,北屯區,no,True,True,False,contains
4973988350,4973988414,109.56,50.00000000000001,1,1360,敦化路一段,北屯區,yes,True,True,False,contains
4973988354,4973988357,105.77,50.00000000000001,1,1360,敦化路一段,北屯區,yes,True,True,False,contains
4973988354,4973988409,5.498,50.0,1,1360,榮德路,北屯區,yes,True,True,False,contains
4973988357,4973988358,191.895,49.99999999999999,1,1360,敦化一街,北屯區,no,True,True,False,contains
4973988357,8165006949,117.02,49.99999999999999,1,1360,敦化路一段,北屯區,yes,True,True,False,contains
4973988357,13968110142,6.266,50.00000000000001,1,1360,敦化一街,北屯區,no,True,True,False,contains
4973988358,4973988357,191.895,49.99999999999999,1,1360,敦化一街,北屯區,no,True,True,False,contains
4973988358,4973988375,121.414,50.0,1,1360,陳平路,北屯區,no,True,True,False,contains
4973988358,4973988408,101.06499999999998,49.99999999999999,1,1360,陳平路,北屯區,no,True,True,False,contains
4973988371,2273307136,96.817,50.00000000000001,2,2719,松竹路三段,北屯區,yes,False,False,False,contains
4973988371,2273307140,9.739,50.0,1,1360,榮德二路,北屯區,no,True,True,False,contains
4973988371,4973988372,221.391,50.0,1,1360,榮德二路,北屯區,no,True,True,False,contains
4973988372,4973988371,221.391,50.0,1,1360,榮德二路,北屯區,no,True,True,False,contains
4973988372,4973988373,20.646,50.0,1,1360,榮德二路,北屯區,no,True,True,False,contains
4973988372,4973988408,97.591,50.0,1,1360,榮德路,北屯區,yes,True,True,False,contains
4973988373,4973988372,20.646,50.0,1,1360,榮德二路,北屯區,no,True,True,False,contains
4973988373,4973988390,208.382,49.99999999999999,1,1360,榮德二路,北屯區,no,True,True,False,contains
4973988375,4973988358,121.414,50.0,1,1360,陳平路,北屯區,no,True,True,False,contains
4973988375,4973988371,82.45400000000001,50.0,2,2719,松竹路三段,北屯區,yes,False,False,False,contains
4973988375,8165006929,9.819,50.0,1,1360,陳平路,北屯區,no,True,True,False,contains
4973988377,4973988350,196.867,50.00000000000001,1,1360,敦化二街,北屯區,no,True,True,False,contains
4973988377,4973988391,76.069,50.0,1,1360,陳平路,北屯區,no,True,True,False,contains
4973988377,4973988412,122.077,50.0,1,1360,陳平路,北屯區,no,True,True,False,contains
4973988384,2383675937,178.70000000000002,50.0,2,2719,松竹路三段,北屯區,yes,False,False,False,contains
4973988385,8165006949,193.503,50.0,2,2719,松竹路三段,北屯區,yes,False,False,False,contains
4973988390,2403314204,2039.1139999999998,49.99999999999999,1,1360,雷中街,西屯區,no,True,True,True,contains
4973988390,4973988373,208.382,49.99999999999999,1,1360,榮德二路,北屯區,no,True,True,False,contains
4973988390,4973988391,120.21,50.00000000000001,1,1360,敦化三街,北屯區,no,True,True,False,contains
4973988391,2479029015,656.0799999999999,49.99999999999999,1,1360,陳平路,北屯區,no,True,True,False,contains
4973988391,4973988377,76.069,50.0,1,1360,陳平路,北屯區,no,True,True,False,contains
4973988391,4973988390,120.21,50.00000000000001,1,1360,敦化三街,北屯區,no,True,True,False,contains
4973988391,4973988396,193.788,49.99999999999999,1,1360,敦化三街,北屯區,no,True,True,False,contains
4973988395,2479029151,221.636,50.0,1,1360,敦化路一段,北屯區,yes,True,True,False,contains
4973988395,4973988396,4.754,50.0,1,1360,敦化三街,北屯區,no,True,True,False,contains
4973988396,4973988350,63.265,50.0,1,1360,敦化路一段,北屯區,yes,True,True,False,contains
4973988396,4973988391,193.788,49.99999999999999,1,1360,敦化三街,北屯區,no,True,True,False,contains
4973988396,4973988395,4.754,50.0,1,1360,敦化三街,北屯區,no,True,True,False,contains
4973988408,4973988354,195.671,50.00000000000001,1,1360,榮德路,北屯區,yes,True,True,False,contains
4973988408,4973988358,101.06499999999998,49.99999999999999,1,1360,陳平路,北屯區,no,True,True,False,contains
4973988408,4973988412,19.144,50.0,1,1360,陳平路,北屯區,no,True,True,False,contains
4973988409,4973988415,22.664,50.0,1,1360,敦化路一段,北屯區,yes,True,True,False,contains
4973988412,4973988373,99.162,50.0,1,1360,榮德路,北屯區,yes,True,True,False,contains
4973988412,4973988377,122.077,50.0,1,1360,陳平路,北屯區,no,True,True,False,contains
4973988412,4973988408,19.144,50.0,1,1360,陳平路,北屯區,no,True,True,False,contains
4973988414,4973988354,22.597,50.0,1,1360,敦化路一段,北屯區,yes,True,True,False,contains
4973988414,4973988412,196.201,50.0,1,1360,榮德路,北屯區,yes,True,True,False,contains
4973988415,4973988395,173.02900000000002,50.00000000000001,1,1360,敦化路一段,北屯區,yes,True,True,False,contains
4973988415,4973988414,5.89,50.0,1,1360,榮德路,北屯區,yes,True,True,False,contains
4974084681,4974084682,9.654,50.0,1,1360,安順東二街,北屯區,no,True,True,False,contains
4974084681,8165007156,238.832,49.99999999999999,2,2719,松竹路三段,北屯區,yes,False,False,False,contains
4974084682,4974084681,9.654,50.0,1,1360,安順東二街,北屯區,no,True,True,False,contains
4974084682,8165007146,219.843,49.99999999999999,2,2719,松竹路三段,北屯區,yes,False,False,False,contains
5040167704,2273314838,10.496,50.0,2,2719,旅順路二段,北屯區,no,False,True,False,contains
5040167704,3711538610,131.983,50.0,2,2719,崇德路二段,北屯區,yes,False,True,False,contains
5042099482,2073166460,116.243,50.00000000000001,2,2719,松竹二號橋,北屯區,yes,False,False,False,contains
5042099482,5042099483,12.91,50.0,1,1360,旱溪西路三段,北屯區,no,True,True,False,contains
5042099483,4961242656,94.848,50.0,3,4079,松竹路一段,北屯區,yes,False,False,False,contains
5042099483,5042099482,12.91,50.0,1,1360,旱溪西路三段,北屯區,no,True,True,False,contains
5057628097,1192918963,11.651,50.0,1,1360,朝富路,西屯區,no,True,True,False,contains
5057628097,2984132842,799.9010000000001,68.20465960444521,1,1360,光明陸橋,西屯區,yes,True,False,False,contains
5057628097,3683225171,11.656,50.0,1,1360,朝富路,西屯區,no,True,True,False,contains
5057629974,5520441522,7.93,50.0,3,4079,民權路,西區,yes,False,False,False,contains
5057629974,8349349076,9.497,50.0,1,1360,臺灣大道二段,西區,yes,True,True,False,contains
5075349548,2285774334,167.25099999999998,49.999999999999986,1,1360,梅川西路三段,北區,yes,True,True,False,contains
5075349548,2285774382,25.079,50.0,1,1360,篤行路,北區,no,True,True,False,contains
5075349548,2285774450,171.64499999999998,49.99999999999999,1,1360,篤行路,北區,no,True,True,False,contains
5094365539,5094365540,9.757,50.0,1,1360,東光路,東區,yes,True,True,False,contains
5094365539,5094365549,61.892,49.99999999999999,1,1360,精武路,東區,yes,True,True,False,contains
5094365540,3022483285,11.063,50.0,1,1360,精武路,東區,yes,True,True,False,contains
5094365549,2921806858,465.543,50.0,1,1360,精武路,東區,yes,True,True,True,contains
5094365549,5094365551,8.32,50.00000000000001,2,2719,南京東路一段,東區,no,False,True,False,contains
5094365551,5094365540,61.882000000000005,50.00000000000001,1,1360,精武路,東區,yes,True,True,False,contains
5094365551,5094365549,8.32,50.00000000000001,2,2719,南京東路一段,東區,no,False,True,False,contains
5094365563,2249636453,9.382,50.0,1,1360,,東區,no,True,True,True,contains
5094365563,13358756825,110.311,50.000000000000014,1,1360,精武大橋,太平區,yes,True,True,False,contains
5262395272,2406512866,10.01,50.0,1,1360,五權西四街,西區,no,True,True,False,contains
5262395272,3387065012,94.135,49.99999999999999,1,1360,五權西路一段,西區,yes,True,False,False,contains
5286997089,2273314811,10.36,50.0,2,2719,崇興路二段,北區,no,False,True,False,contains
5286997089,5856301631,110.739,50.00000000000001,1,1360,崇德路一段,北區,yes,True,True,False,contains
5286997095,2273314810,30.587,50.00000000000001,1,1360,崇德路一段,北區,yes,True,True,False,contains
5294890011,3893055357,1104.623,50.000000000000014,4,5439,工業區一路,西屯區,no,False,True,False,contains
5374105972,2479028988,121.805,49.99999999999999,2,2719,松竹路二段,北屯區,yes,False,False,False,contains
5374174630,2625594547,12.128,50.0,1,1360,,北屯區,no,True,True,True,contains
5374174630,2632076620,311.626,50.0,1,1360,庄美街,北屯區,no,True,True,False,contains
5374174630,3426932382,194.856,50.0,1,1360,中清路二段,北屯區,yes,True,True,False,contains
5411985847,2181538093,14.898,50.0,1,1360,環中路一段,西屯區,yes,True,True,False,contains
5411985847,5412034766,111.665,50.00000000000001,1,1360,大雅聯絡道,西屯區,yes,True,True,False,contains
5411985851,2625594512,51.650000000000006,50.00000000000001,1,1360,中清路二段,西屯區,yes,True,True,False,contains
5411985854,2181526592,23.982,50.0,1,1360,中清路三段,西屯區,yes,True,True,False,contains
5411985854,2640718951,17.835,50.0,1,1360,,西屯區,yes,True,True,True,contains
5412034766,2181538089,104.815,49.99999999999999,1,1360,中清路二段,西屯區,yes,True,True,False,contains
5412034766,5411985851,29.252,50.0,1,1360,大雅聯絡道,西屯區,yes,True,True,False,contains
5499260746,3671153261,125.962,60.0,3,4079,文心路一段,南屯區,yes,False,False,False,contains
5499260746,4401085477,24.422,50.0,1,1360,大墩七街,南屯區,yes,True,True,False,contains
5520441521,297717106,408.126,49.99999999999999,1,1360,臺灣大道二段,西區,yes,True,True,False,contains
5520441521,5057629974,13.192,50.0,3,4079,民權路,西區,yes,False,False,False,contains
5520441521,13021803226,22.214,50.0,1,1360,公益路,西區,yes,True,True,False,contains
5520441522,3285466348,10.374,50.0,1,1360,臺灣大道二段,西區,yes,True,True,False,contains
5520441522,5521014889,128.412,50.00000000000001,2,2719,民權路,西區,yes,False,False,False,contains
5520565628,704461094,460.874,50.0,4,5439,英才路,西區,no,False,False,False,contains
5520565628,2286334586,233.576,50.0,2,2719,英才路,西區,yes,False,False,False,contains
5521014889,380038134,319.21,50.0,4,5439,民權路,西區,no,False,False,False,contains
5521014889,3285466348,119.94099999999997,49.99999999999999,2,2719,民權路,西區,yes,False,False,False,contains
5536966026,2597784460,22.546,50.0,1,1360,向上路一段,南屯區,no,True,True,False,contains
5536966026,4401085478,208.009,60.0,3,4079,文心路一段,南屯區,yes,False,False,False,contains
5536966027,5499260746,24.603,50.0,1,1360,大墩七街,南屯區,yes,True,True,False,contains
5536966027,5536966028,128.633,60.0,3,4079,文心路一段,南屯區,yes,False,False,False,contains
5536966028,1263334032,30.835,50.0,1,1360,向心路,南屯區,no,True,True,False,contains
5536966028,1263334039,279.74699999999996,59.99999999999999,3,4079,文心路一段,南屯區,yes,False,False,False,contains
5536966028,2522798457,25.343,50.0,1,1360,大墩六街,南屯區,no,True,True,False,contains
5585663618,2403314559,59.342,49.99999999999999,1,1360,中平路509巷,北屯區,no,True,True,False,contains
5585663618,2479029015,15.566,49.99999999999999,1,1360,陳平路,北屯區,no,True,True,False,contains
5595599933,3555961439,135.596,50.0,1,1360,中清路三段,西屯區,yes,True,True,False,contains
5643749594,2285774469,107.504,50.0,1,1360,篤行路,北區,no,True,True,False,contains
5643749594,4422881983,77.929,50.0,1,1360,育德路,北區,yes,True,True,False,contains
5643749594,6341748165,135.845,49.99999999999999,1,1360,篤行路,北區,no,True,True,False,contains
5645685000,1215998836,188.896,59.99999999999999,2,2719,忠明路,北區,yes,False,False,False,contains
5645685000,2641897076,11.863,50.0,1,1360,華富街,北區,no,True,True,False,contains
5645881375,5645881376,11.285,60.0,3,4079,文心路一段,南屯區,yes,False,False,False,contains
5645881376,5947070122,13.72,60.0,3,4079,文心路二段,南屯區,yes,False,False,False,contains
5645881377,1234819274,148.95000000000002,60.0,3,4079,文心路二段,西屯區,yes,False,False,False,contains
5645881377,2597739061,22.76,50.0,1,1360,市政路,西屯區,yes,True,True,False,contains
5652867654,4195127670,172.76399999999998,50.0,1,1360,凱旋七路,西屯區,no,True,True,False,contains
5652867654,4195127672,12.074,50.0,1,1360,凱旋七路,西屯區,no,True,True,False,contains
5813786238,2387142821,529.374,53.889209175527895,4,5439,安和路,西屯區,no,False,True,False,contains
5813786238,3683225171,1843.1009999999997,63.297549492216376,1,1360,臺灣大道四段,西屯區,yes,True,True,True,contains
5819748698,2403313992,154.127,50.00000000000001,1,1360,長安路二段,西屯區,no,True,True,False,contains
5819748698,2403314354,168.88299999999998,50.0,1,1360,長安路二段,西屯區,no,True,True,False,contains
5819748698,5819748699,79.107,50.0,1,1360,文心路三段233巷,西屯區,no,True,True,False,contains
5819748699,1264707103,173.252,50.0,3,4079,文心路三段,西屯區,yes,False,True,False,contains
5819748699,5819748698,79.107,50.0,1,1360,文心路三段233巷,西屯區,no,True,True,False,contains
5819883713,2403314052,97.887,50.0,1,1360,甘河路,西屯區,no,True,True,False,contains
5819883713,2403314155,10.068,50.0,1,1360,甘河路,西屯區,no,True,True,False,contains
5844097587,2333043917,13.306,50.0,1,1360,敦化路一段,北屯區,yes,True,True,False,contains
5844097587,3339149493,81.70200000000001,50.00000000000001,1,1360,中清路二段,北屯區,yes,True,True,False,contains
5855539142,768592762,68.384,50.0,2,2719,中清路一段,北區,yes,False,True,False,contains
5856155293,2444004934,70.228,49.99999999999999,1,1360,梅川西路三段,北區,yes,True,True,False,contains
5856155293,2444006928,33.091,50.00000000000001,1,1360,5-018,北區,no,True,True,True,contains
5856301631,2170314060,10.216,50.0,1,1360,漢口路四段,北屯區,no,True,True,False,contains
5856301631,2273314821,157.46300000000002,50.00000000000001,1,1360,崇德路一段,北屯區,yes,True,True,False,contains
5856301631,4422830394,626.105,50.0,4,5439,漢口路五段,北屯區,no,False,True,False,contains
5856357406,1019448936,266.62,50.0,1,1360,太原路二段,北區,yes,True,True,False,contains
5856357406,2479028778,380.58299999999997,50.0,1,1360,永興街,北區,no,True,True,False,contains
5856357406,2663073620,127.202,50.0,1,1360,永興街,北區,no,True,True,False,contains
5916214842,2222522299,30.25,50.0,6,8158,臺灣大道一段,中區,no,False,False,False,contains
5916214842,3282747193,125.771,49.99999999999999,4,5439,臺灣大道一段,中區,no,False,False,False,contains
5947070122,2852195871,22.747,50.0,1,1360,市政路,南屯區,yes,True,True,False,contains
5947070122,5645881377,12.299,60.0,3,4079,文心路二段,西屯區,yes,False,False,False,contains
6106382910,1234819119,192.888,50.0,1,1360,惠文路647巷,南屯區,no,True,True,False,contains
6106382910,1234819205,80.343,50.0,1,1360,惠文路,南屯區,no,True,True,False,contains
6106382910,2852195874,175.715,49.99999999999999,1,1360,大墩十四街,南屯區,no,True,True,False,contains
6130545331,1234819312,123.7,50.0,1,1360,公益路二段,南屯區,yes,True,False,False,contains
6341748165,2285774576,83.709,50.0,1,1360,篤行路,北區,no,True,True,False,contains
6341748165,2775551888,158.688,49.99999999999999,1,1360,美德街,北區,no,True,True,False,contains
6341748165,5643749594,135.845,49.99999999999999,1,1360,篤行路,北區,no,True,True,False,contains
6347890497,2403314485,202.15700000000004,50.00000000000001,1,1360,敦化路二段,北屯區,yes,True,True,False,contains
6347890497,2640718961,8.691,50.0,1,1360,仁平路,北屯區,no,True,True,False,contains
6910969120,4973988384,188.632,50.00000000000001,2,2719,松竹路三段,北屯區,yes,False,False,False,contains
6910969120,8165006949,10.196,50.0,1,1360,敦化路一段,北屯區,no,True,True,False,contains
7216723039,4195127678,23.471,36.93932367352507,1,1360,敦化路二段,西屯區,yes,True,False,False,contains
7216723040,7216723039,11.135,50.0,2,2719,凱旋路,西屯區,yes,False,False,False,contains
7216723040,7265639336,396.97,30.000000000000004,1,1360,敦化路二段,西屯區,yes,True,False,False,contains
7216723041,2640719106,18.095,50.0,1,1360,凱旋路,西屯區,yes,True,False,False,contains
7216723042,7216723041,5.504,50.0,1,1360,凱旋路,西屯區,yes,True,False,False,contains
7216723043,7216723042,33.572,50.0,1,1360,凱旋路,西屯區,yes,True,False,False,contains
7265639318,3914035515,195.182,49.99999999999999,4,5439,河南路二段,西屯區,yes,False,True,False,contains
7265639318,7265639319,8.662,50.0,1,1360,凱旋一街,西屯區,no,True,True,False,contains
7265639319,2599103071,128.94,50.00000000000001,4,5439,河南路二段,西屯區,yes,False,True,False,contains
7265639319,7265639318,8.662,50.0,1,1360,凱旋一街,西屯區,no,True,True,False,contains
7265639336,4778950367,9.508,50.0,1,1360,啟航路,西屯區,no,True,True,False,contains
7265639336,4778950403,114.051,50.00000000000001,1,1360,敦化路二段,西屯區,yes,True,True,False,contains
7509130526,277967597,264.16,49.999999999999986,2,2719,松竹路三段,北屯區,yes,False,False,False,contains
7936102876,1270027356,388.78600000000006,50.0,2,2719,英才路,北區,no,False,False,False,contains
7936102876,2222553805,89.682,50.00000000000001,2,2719,英才路,西區,no,False,False,False,contains
8122997582,2273314773,12.521,50.0,2,2719,錦中街,北區,no,False,True,False,contains
8122997582,2273314779,200.598,50.0,1,1360,崇德路一段,北區,yes,True,True,False,contains
8165006929,4973988375,9.819,50.0,1,1360,陳平路,北屯區,no,True,True,False,contains
8165006929,6910969120,191.207,50.0,2,2719,松竹路三段,北屯區,yes,False,False,False,contains
8165006949,4973988375,191.174,50.0,2,2719,松竹路三段,北屯區,yes,False,False,False,contains
8165006949,6910969120,10.196,50.0,1,1360,敦化路一段,北屯區,no,True,True,False,contains
8165006949,13968110142,118.667,49.99999999999999,1,1360,敦化路一段,北屯區,yes,True,True,False,contains
8165007146,1632701039,9.93,50.0,2,2719,松竹路三段,北屯區,yes,False,False,False,contains
8165007147,4974084681,213.60400000000007,50.00000000000001,2,2719,松竹路三段,北屯區,yes,False,False,False,contains
8165007147,8165007146,8.931,50.0,1,1360,梅川東路五段,北屯區,yes,True,True,False,contains
8165007156,2273307127,11.53,50.0,2,2719,松竹路三段,北屯區,yes,False,False,False,contains
8349349076,2222553767,383.017,50.0,1,1360,臺灣大道二段,西區,yes,True,True,False,contains
8349349076,13021803239,13.164,49.99999999999999,2,2719,民權路,西區,yes,False,False,False,contains
10276618380,2406512881,145.01700000000002,50.00000000000001,1,1360,五權西路一段,西區,yes,True,False,False,contains
10276618508,2320046575,9.829,50.0,1,1360,五權路22巷,西區,no,True,True,False,contains
10276618508,3323240005,110.909,50.0,2,2719,五權路,西區,yes,False,False,False,contains
10309974995,703553377,505.61899999999997,50.0,4,5439,台中路,東區,no,False,False,False,contains
11060845937,2401099660,47.35099999999999,49.99999999999999,1,1360,牛埔橋,西屯區,yes,True,True,False,contains
11060845937,2625594516,118.697,50.0,2,2719,經貿九路,西屯區,no,False,False,False,contains
11935327603,11935327604,11.088,50.0,1,1360,環中路一段,北屯區,yes,True,True,False,contains
11935327604,2625617410,301.306,49.99999999999999,1,1360,環中路一段,北屯區,yes,True,True,False,contains
11935327604,4422745683,63.837,50.0,1,1360,榮德路,北屯區,yes,True,True,False,contains
12176455232,3822288011,23.584,50.0,3,4079,松竹路一段,北屯區,yes,False,False,False,contains
12176455232,12176455233,16.146,49.99999999999999,1,1360,,北屯區,no,True,True,True,contains
12176455233,4852838317,229.258,49.99999999999999,3,4079,松竹路一段,北屯區,yes,False,False,False,contains
12176455233,12176455232,16.146,49.99999999999999,1,1360,,北屯區,no,True,True,True,contains
13021803226,5057629974,18.318,50.0,1,1360,臺灣大道二段,西區,yes,True,True,False,contains
13021803229,5520441521,8.822,50.0,3,4079,民權路,西區,yes,False,False,False,contains
13021803238,3285467668,62.097,50.0,2,2719,民權路,西區,yes,False,False,False,contains
13021803238,13021803229,9.392,50.0,1,1360,臺灣大道二段,西區,yes,True,True,False,contains
13021803239,5520441521,9.4,50.0,1,1360,臺灣大道二段,西區,yes,True,True,False,contains
13021803239,13021803238,8.231,50.0,2,2719,民權路,西區,yes,False,False,False,contains
13074074550,2273306375,45.315000000000005,50.00000000000001,3,4079,松竹路一段,北屯區,yes,False,False,False,contains
13190493451,2286334524,157.10700000000003,50.00000000000001,2,2719,五權路,西區,yes,False,True,False,contains
13190493451,10276618380,12.08,50.0,1,1360,五權西路一段,西區,yes,True,False,False,contains
13190493452,10276618380,17.301000000000002,50.00000000000001,1,1360,五權西路一段,西區,yes,True,False,False,contains
13190493452,13190493451,15.49,50.0,2,2719,五權路,西區,yes,False,True,False,contains
13336612219,3190269883,314.60200000000003,50.00000000000001,1,1360,錦南街,北區,yes,True,True,False,contains
13336612219,3502153334,9.362,50.0,1,1360,雙十路二段,北區,yes,True,True,False,contains
13358756825,2249636453,109.963,50.0,1,1360,精武大橋,太平區,yes,True,True,False,contains
13358756825,13358756940,15.822,50.0,1,1360,中山路四段,太平區,no,True,True,False,contains
13358756940,13358756825,15.822,50.0,1,1360,中山路四段,太平區,no,True,True,False,contains
13582966256,3683225170,12.232,50.0,3,4079,臺灣大道三段,西屯區,yes,False,True,False,contains
13582966256,13582966257,17.266,50.0,1,1360,河南路三段,西屯區,yes,True,True,False,contains
13582966257,2597737524,909.3079999999999,50.0,1,1360,河南路三段,西屯區,yes,True,True,False,contains
13582966259,2222701916,11.867,50.0,1,1360,臺灣大道三段,西屯區,yes,True,True,False,contains
13582966259,13582966260,15.782,50.00000000000001,4,5439,河南路二段,西屯區,yes,False,True,False,contains
13582966260,1167823576,215.281,50.0,4,5439,河南路二段,西屯區,yes,False,True,False,contains
13582966260,13582966261,11.209,50.0,1,1360,臺灣大道三段,西屯區,yes,True,True,False,contains
13582966261,1192918963,224.341,50.00000000000001,1,1360,臺灣大道三段,西屯區,yes,True,True,False,contains
13582966261,2222701916,15.609,50.0,1,1360,河南路三段,西屯區,yes,True,True,False,contains
13968110142,4973988357,6.266,50.00000000000001,1,1360,敦化一街,北屯區,no,True,True,False,contains
13968110142,4973988409,106.077,50.0,1,1360,敦化路一段,北屯區,yes,True,True,False,contains
